year,monthId,pbt,park,street,location,activity_days
2023,5,MP KLUANG,JALAN BATU PAHAT,JALAN BATU PAHAT,"JABATAN PENGANGKUTAN JALAN, PEJABAT PENTADBIRAN FELDA WILAYAH SELATAN","Monday,Tuesday,Wednesday,Thursday,Friday,Sunday"
2023,5,MP KLUANG,JALAN BATU PAHAT,JALAN BATU PAHAT,WISMA PERSEKUTUAN,"Monday,Tuesday,Wednesday,Thursday,Friday,Sunday"
2023,5,MP KLUANG,JALAN NIYOR,JALAN NIYOR,SMK SERI PERDANA,"Monday,Tuesday,Wednesday,Thursday,Friday,Sunday"
2023,5,MP KLUANG,KAMPUNG KOLAM AIR,LORONG 1,,"Monday,Thursday"
2023,5,MP KLUANG,KAMPUNG KOLAM AIR,LORONG 2,,"Monday,Thursday"
2023,5,MP KLUANG,KAMPUNG KOLAM AIR,LORONG 3,,"Monday,Thursday"
2023,5,MP KLUANG,"KAMPUNG MELAYU BATU 6, SRI LALANG",JALAN SEKOLAH,SK SERI LALANG,"Monday,Tuesday,Wednesday,Thursday,Friday,Sunday"
2023,5,MP KLUANG,KAWASAN PASAR,JALAN BERANGAN,,"Monday,Tuesday,Wednesday,Thursday,Saturday,Sunday"
2023,5,MP KLUANG,KAWASAN PASAR,JALAN BERANGAN,PASAR AWAM,"Monday,Tuesday,Wednesday,Thursday,Friday,Saturday,Sunday"
2023,5,MP KLUANG,KAWASAN PASAR,JALAN TEMBIKAI,,"Monday,Tuesday,Wednesday,Thursday,Saturday,Sunday"
2023,5,MP KLUANG,KAWASAN PASAR,JALAN RAMBUTAN,,"Monday,Tuesday,Wednesday,Thursday,Saturday,Sunday"
2023,5,MP KLUANG,KAWASAN PEJABAT KERAJAAN,JALAN PEJABAT KERAJAAN 1,MPK,"Monday,Tuesday,Wednesday,Thursday,Friday,Sunday"
2023,5,MP KLUANG,KAWASAN PEJABAT KERAJAAN,JALAN PEJABAT KERAJAAN 1,PEJABAT AGAMA KLUANG,"Monday,Tuesday,Wednesday,Thursday,Friday,Sunday"
2023,5,MP KLUANG,KAWASAN PEJABAT KERAJAAN,JALAN PEJABAT KERAJAAN 1,KASTAM,"Monday,Tuesday,Wednesday,Thursday,Friday,Sunday"
2023,5,MP KLUANG,KAWASAN PEJABAT KERAJAAN,JALAN PEJABAT KERAJAAN 1, MAHKAMAH TINGGI,"Monday,Tuesday,Wednesday,Thursday,Friday,Sunday"
2023,5,MP KLUANG,KAWASAN PEJABAT KERAJAAN,JALAN PEJABAT KERAJAAN 2,JABATAN KERJA RAYA,"Monday,Tuesday,Wednesday,Thursday,Friday,Sunday"
2023,5,MP KLUANG,KAWASAN RUMAH VVIP,JALAN KOLAM AIR,KEDIAMAN JURUTERA JKR,"Wednesday,Sunday"
2023,5,MP KLUANG,KAWASAN RUMAH VVIP,JALAN KOLAM AIR,KUARTERS KERAJAAN,"Wednesday,Sunday"
2023,5,MP KLUANG,KAWASAN RUMAH VVIP,JALAN KOLAM AIR,KEDIAMAN PEGAWAI DAERAH KLUANG,"Wednesday,Sunday"
2023,5,MP KLUANG,KAWASAN RUMAH VVIP,JALAN KOLAM AIR,KEDIAMAN YANG DI-PERTUA MPK,"Wednesday,Sunday"
2023,5,MP KLUANG,KAWASAN RUMAH VVIP,JALAN KOLAM AIR,ISTANA SRI LAMBAK,"Wednesday,Sunday"
2023,5,MP KLUANG,KAWASAN RUMAH VVIP,JALAN KEBUN TEH,KEDIAMAN RASMI PEGAWAI KANAN POLIS,"Wednesday,Sunday"
2023,5,MP KLUANG,KAWASAN RUMAH VVIP,JALAN KEBUN TEH,KEDIAMAN PENTADBIR TANAH KLUANG,"Wednesday,Sunday"
2023,5,MP KLUANG,KAWASAN SRI LALANG,JALAN BAHARU,,"Monday,Thursday"
2023,5,MP KLUANG,KAWASAN SRI LALANG,JALAN BUKIT,,"Monday,Thursday"
2023,5,MP KLUANG,KAWASAN SRI LALANG,JALAN ESTET,,"Monday,Thursday"
2023,5,MP KLUANG,KAWASAN SRI LALANG,JALAN ESTET,SURAU,"Monday,Tuesday,Wednesday,Thursday,Friday,Sunday"
2023,5,MP KLUANG,KAWASAN SRI LALANG,JALAN HUJUNG,,"Monday,Thursday"
2023,5,MP KLUANG,KAWASAN SRI LALANG,JALAN HUJUNG 2,,"Monday,Thursday"
2023,5,MP KLUANG,KAWASAN SRI LALANG,JALAN HUJUNG 3,,"Monday,Thursday"
2023,5,MP KLUANG,KAWASAN SRI LALANG,JALAN HUJUNG 4,,"Monday,Thursday"
2023,5,MP KLUANG,KAWASAN SRI LALANG,JALAN HUJUNG 5,,"Monday,Thursday"
2023,5,MP KLUANG,KAWASAN SRI LALANG,JALAN KLINIK,PASAR AWAM,"Monday,Tuesday,Wednesday,Thursday,Friday,Sunday"
2023,5,MP KLUANG,KAWASAN SRI LALANG,JALAN MERDEKA,,"Monday,Thursday"
2023,5,MP KLUANG,KAWASAN SRI LALANG,JALAN MERDEKA,,"Monday,Tuesday,Wednesday,Thursday,Friday,Sunday"
2023,5,MP KLUANG,KAWASAN SRI LALANG,JALAN MERDEKA,,"Monday,Tuesday,Wednesday,Thursday,Friday,Sunday"
2023,5,MP KLUANG,KAWASAN SRI LALANG,JALAN MERDEKA,GERAI MPK,"Monday,Tuesday,Wednesday,Thursday,Friday,Sunday"
2023,5,MP KLUANG,KAWASAN SRI LALANG,JALAN PASAR,,"Monday,Tuesday,Wednesday,Thursday,Friday,Sunday"
2023,5,MP KLUANG,KAWASAN SRI LALANG,JALAN PASAR,,"Monday,Tuesday,Wednesday,Thursday,Friday,Sunday"
2023,5,MP KLUANG,KAWASAN SRI LALANG,JALAN PAYA,,"Monday,Thursday"
2023,5,MP KLUANG,KAWASAN SRI LALANG,JALAN PAYA A,,"Monday,Thursday"
2023,5,MP KLUANG,KAWASAN SRI LALANG,JALAN PAYA B,,"Monday,Thursday"
2023,5,MP KLUANG,KAWASAN SRI LALANG,JALAN PAYA C,,"Monday,Thursday"
2023,5,MP KLUANG,KAWASAN SRI LALANG,JALAN PAYA C,BALAI POLIS SRI LALANG,"Monday,Tuesday,Wednesday,Thursday,Friday,Sunday"
2023,5,MP KLUANG,KAWASAN SRI LALANG,JALAN PAYA D,,"Monday,Thursday"
2023,5,MP KLUANG,KAWASAN SRI LALANG,JALAN PAYA E,,"Monday,Thursday"
2023,5,MP KLUANG,KAWASAN SRI LALANG,JALAN PENDEK,,"Monday,Thursday"
2023,5,MP KLUANG,KAWASAN SRI LALANG,JALAN RUMAH PANJANG,,"Monday,Thursday"
2023,5,MP KLUANG,KAWASAN SRI LALANG,JALAN SELAMAT,,"Monday,Tuesday,Wednesday,Thursday,Friday,Sunday"
2023,5,MP KLUANG,KAWASAN SRI LALANG,JALAN SUNGAI,,"Monday,Thursday"
2023,5,MP KLUANG,KAWASAN SRI LALANG,JALAN TEPI,,"Monday,Thursday"
2023,5,MP KLUANG,KAWASAN SRI LALANG,JALAN TINGGI,,"Monday,Thursday"
2023,5,MP KLUANG,KAWASAN SRI LALANG,LORONG B1,,"Monday,Thursday"
2023,5,MP KLUANG,KAWASAN SRI LALANG,LORONG TINGGI 1,,"Monday,Thursday"
2023,5,MP KLUANG,KAWASAN SRI LALANG,LORONG TINGGI 2,,"Monday,Thursday"
2023,5,MP KLUANG,KAWASAN SRI LALANG,LORONG PAYA 1,,"Monday,Thursday"
2023,5,MP KLUANG,KAWASAN SRI LALANG,LORONG PAYA 2,,"Monday,Thursday"
2023,5,MP KLUANG,KAWASAN SRI LALANG,LORONG PAYA 3,,"Monday,Thursday"
2023,5,MP KLUANG,KAWASAN SRI LALANG,LORONG TEPI 1,,"Monday,Thursday"
2023,5,MP KLUANG,KAWASAN SRI LALANG,LORONG TEPI 2,,"Monday,Thursday"
2023,5,MP KLUANG,KAWASAN SRI LALANG,LORONG TEPI 3,,"Monday,Thursday"
2023,5,MP KLUANG,KAWASAN SRI LALANG,LORONG TEPI 4,,"Monday,Thursday"
2023,5,MP KLUANG,KAWASAN SRI LALANG,LORONG TEPI 5,,"Monday,Thursday"
2023,5,MP KLUANG,KAWASAN SRI LALANG,LORONG 1,,"Monday,Thursday"
2023,5,MP KLUANG,KAWASAN SRI LALANG,LORONG 5,,"Monday,Thursday"
2023,5,MP KLUANG,TAMAN KEM MAHKOTA,JALAN HOSPITAL,BALAI PENGAWAL UTAMA,"Monday,Tuesday,Wednesday,Thursday,Friday,Sunday"
2023,5,MP KLUANG,TAMAN KEM MAHKOTA,JALAN HOSPITAL,WISMA BINTARA 33RAD,"Monday,Tuesday,Wednesday,Thursday,Friday,Sunday"
2023,5,MP KLUANG,TAMAN KEM MAHKOTA,JALAN HOSPITAL,DEWAN MAHKOTA / TADIKA / SURAU AL-MAKMUR,"Monday,Tuesday,Wednesday,Thursday,Friday,Sunday"
2023,5,MP KLUANG,TAMAN KEM MAHKOTA,JALAN HOSPITAL,KUARTERS BUJANG BATALION KE-2 PPAT,"Monday,Thursday"
2023,5,MP KLUANG,TAMAN KEM MAHKOTA,JALAN HOSPITAL,KUARTERS PEGAWAI JALAN DORSET,"Monday,Thursday"
2023,5,MP KLUANG,TAMAN KEM MAHKOTA,JALAN HOSPITAL,BALAI PENGAWAL WISMA PERWIRA,"Monday,Tuesday,Wednesday,Thursday,Friday,Sunday"
2023,5,MP KLUANG,TAMAN KEM MAHKOTA,JALAN HOSPITAL,SEKOLAH AGAMA KEM MAHKOTA,"Monday,Tuesday,Wednesday,Thursday,Friday,Sunday"
2023,5,MP KLUANG,TAMAN KEM MAHKOTA,JALAN HOSPITAL,PERNAMA,"Monday,Tuesday,Wednesday,Thursday,Friday,Sunday"
2023,5,MP KLUANG,TAMAN KEM MAHKOTA,JALAN HOSPITAL,REJIMEN KE-61 ARTILERI DIRAJA,"Monday,Tuesday,Wednesday,Thursday,Friday,Sunday"
2023,5,MP KLUANG,TAMAN KEM MAHKOTA,JALAN HOSPITAL,KOMPLEKS 7BRIGED,"Monday,Tuesday,Wednesday,Thursday,Friday,Sunday"
2023,5,MP KLUANG,TAMAN KEM MAHKOTA,JALAN HOSPITAL,MARKAS 3 DIVISYEN RAJD,"Monday,Tuesday,Wednesday,Thursday,Friday,Sunday"
2023,5,MP KLUANG,TAMAN KEM MAHKOTA,JALAN HOSPITAL,PLATUN KENDERAAN,"Monday,Tuesday,Wednesday,Thursday,Friday,Sunday"
2023,5,MP KLUANG,TAMAN KEM MAHKOTA,JALAN HOSPITAL,WISMA PERWIRA SOUTHERN GUNNERS,"Monday,Tuesday,Wednesday,Thursday,Friday,Sunday"
2023,5,MP KLUANG,TAMAN KEM MAHKOTA,JALAN HOSPITAL,IKEM KOMPLEKS SEL TEMPUR,"Monday,Tuesday,Wednesday,Thursday,Friday,Sunday"
2023,5,MP KLUANG,TAMAN KEM MAHKOTA,JALAN HOSPITAL,IKEM SENTRAL,"Monday,Tuesday,Wednesday,Thursday,Friday,Sunday"
2023,5,MP KLUANG,TAMAN KEM MAHKOTA,JALAN HOSPITAL,BALAI PENGAWAL,"Monday,Tuesday,Wednesday,Thursday,Friday,Sunday"
2023,5,MP KLUANG,TAMAN KEM MAHKOTA,JALAN HOSPITAL,PUSAT PEMULIHAN PEMASYARAKATAN,"Monday,Tuesday,Wednesday,Thursday,Friday,Sunday"
2023,5,MP KLUANG,TAMAN KEM MAHKOTA,JALAN HOSPITAL,INSTITUT KEJURUTERAAN MEDAN TD,"Monday,Tuesday,Wednesday,Thursday,Friday,Sunday"
2023,5,MP KLUANG,TAMAN KEM MAHKOTA,JALAN HOSPITAL,WISMA PERWIRA 8 SKUADRON RAJD,"Monday,Tuesday,Wednesday,Thursday,Friday,Sunday"
2023,5,MP KLUANG,TAMAN KEM MAHKOTA,JALAN HOSPITAL,KOMPLEKS SAJIAN REJ-2 ARTILERI DIRAJA,"Monday,Tuesday,Wednesday,Thursday,Friday,Sunday"
2023,5,MP KLUANG,TAMAN KEM MAHKOTA,JALAN HOSPITAL,DEWAN MAKAN SELVARAJAH IKEM TD,"Monday,Tuesday,Wednesday,Thursday,Friday,Sunday"
2023,5,MP KLUANG,TAMAN KEM MAHKOTA,JALAN HOSPITAL,KELAB RENANG,"Monday,Tuesday,Wednesday,Thursday,Friday,Sunday"
2023,5,MP KLUANG,TAMAN KEM MAHKOTA,JALAN HOSPITAL,"BLOK E1-E2, F1-F4 [FLAT RSAT]","Monday,Thursday"
2023,5,MP KLUANG,TAMAN KEM MAHKOTA,JALAN HOSPITAL,BLOK A-F [FLAT 7 BRIGED],"Monday,Thursday"
2023,5,MP KLUANG,TAMAN KEM MAHKOTA,JALAN HOSPITAL,BLOK G1-G20 [PANGSAPURI MAHKOTA],"Monday,Thursday"
2023,5,MP KLUANG,TAMAN KEM MAHKOTA,JALAN HOSPITAL,MARKAS STESEN STAF,"Monday,Tuesday,Wednesday,Thursday,Friday,Sunday"
2023,5,MP KLUANG,TAMAN KEM MAHKOTA,JALAN HOSPITAL,BLOK KEDIAMAN PEGAWAI [PANGSAPURI MAHKOTA],"Monday,Thursday"
2023,5,MP KLUANG,TAMAN KEM MAHKOTA,JALAN HOSPITAL,WISMA PERWIRA REJ-881 PUTD,"Monday,Tuesday,Wednesday,Thursday,Friday,Sunday"
2023,5,MP KLUANG,TAMAN KEM MAHKOTA,JALAN HOSPITAL,BLOK F1-F4 [FLAT PEGAWAI KEM MAHKOTA],"Monday,Thursday"
2023,5,MP KLUANG,TAMAN KEM MAHKOTA,JALAN HOSPITAL,STOR SENJATA 8 SKUADRON RAJD,"Monday,Tuesday,Wednesday,Thursday,Friday,Sunday"
2023,5,MP KLUANG,TAMAN KEM MAHKOTA,JALAN HOSPITAL,KUARTERS WISMA PERWIRA REJ-881 PUTD,"Monday,Thursday"
2023,5,MP KLUANG, PUSAT BANDAR,JALAN SENTOSA,REJIMEN 501 ASKAR WATANIAH,"Tuesday,Friday"
2023,5,MP KLUANG, PUSAT BANDAR,JALAN SENTOSA,SM AGAMA KERAJAAN JOHOR,"Monday,Tuesday,Wednesday,Thursday,Friday,Sunday"
2023,5,MP KLUANG, PUSAT BANDAR,JALAN SENTOSA,PEJABAT PENDIDIKAN DAERAH  KLUANG,"Monday,Tuesday,Wednesday,Thursday,Friday,Sunday"
2023,5,MP KLUANG, PUSAT BANDAR,JALAN BINJAI,,"Monday,Tuesday,Wednesday,Thursday,Saturday,Sunday"
2023,5,MP KLUANG, PUSAT BANDAR,JALAN DATO HJ HASSAN,,"Monday,Tuesday,Wednesday,Thursday,Saturday,Sunday"
2023,5,MP KLUANG, PUSAT BANDAR,JALAN DATO RAUF,,"Monday,Tuesday,Wednesday,Thursday,Saturday,Sunday"
2023,5,MP KLUANG, PUSAT BANDAR,JALAN DATO TAN SENG LEONG,,"Monday,Tuesday,Wednesday,Thursday,Saturday,Sunday"
2023,5,MP KLUANG, PUSAT BANDAR,JALAN DATO TEOH SIEW KHOR,,"Monday,Tuesday,Wednesday,Thursday,Saturday,Sunday"
2023,5,MP KLUANG, PUSAT BANDAR,JALAN DUKU,,"Monday,Tuesday,Wednesday,Thursday,Saturday,Sunday"
2023,5,MP KLUANG, PUSAT BANDAR,JALAN DURIAN,,"Monday,Tuesday,Wednesday,Thursday,Saturday,Sunday"
2023,5,MP KLUANG, PUSAT BANDAR,JALAN HAJI MANAN,"BLOK G, H, I, J, K, L, M, N, P [FLAT HAJI MANAN]","Monday,Tuesday,Thursday,Friday"
2023,5,MP KLUANG, PUSAT BANDAR,JALAN HAJI MANAN,,"Monday,Tuesday,Wednesday,Thursday,Friday,Sunday"
2023,5,MP KLUANG, PUSAT BANDAR,JALAN HOSPITAL,SEKOLAH AGAMA BANDAR KLUANG,"Monday,Tuesday,Wednesday,Thursday,Friday,Sunday"
2023,5,MP KLUANG, PUSAT BANDAR,JALAN HOSPITAL,ASRAMA KOLEJ JURURAWAT MASYARAKAT,"Tuesday,Friday"
2023,5,MP KLUANG, PUSAT BANDAR,JALAN HOSPITAL,KUARTERS HOSPITAL KLUANG LAMA,"Tuesday,Friday"
2023,5,MP KLUANG, PUSAT BANDAR,JALAN ISMAIL,,"Monday,Tuesday,Wednesday,Thursday,Saturday,Sunday"
2023,5,MP KLUANG, PUSAT BANDAR,JALAN DATO KAPTEN AHMAD,,"Monday,Tuesday,Wednesday,Thursday,Saturday,Sunday"
2023,5,MP KLUANG, PUSAT BANDAR,JALAN LAMBAK,,"Monday,Tuesday,Wednesday,Thursday,Saturday,Sunday"
2023,5,MP KLUANG, PUSAT BANDAR,JALAN LANGSAT,,"Monday,Tuesday,Wednesday,Thursday,Saturday,Sunday"
2023,5,MP KLUANG, PUSAT BANDAR,JALAN MANGGIS,,"Monday,Tuesday,Wednesday,Thursday,Saturday,Sunday"
2023,5,MP KLUANG, PUSAT BANDAR,JALAN MATA KUCING,,"Monday,Tuesday,Wednesday,Thursday,Saturday,Sunday"
2023,5,MP KLUANG, PUSAT BANDAR,JALAN MD LAZIM SAIM,,"Monday,Tuesday,Wednesday,Thursday,Saturday,Sunday"
2023,5,MP KLUANG, PUSAT BANDAR,JALAN MERSING,,"Monday,Tuesday,Wednesday,Thursday,Saturday,Sunday"
2023,5,MP KLUANG, PUSAT BANDAR,JALAN PERSIARAN,,"Monday,Tuesday,Wednesday,Thursday,Saturday,Sunday"
2023,5,MP KLUANG, PUSAT BANDAR,JALAN SEJAHTERA,,"Tuesday,Friday"
2023,5,MP KLUANG, PUSAT BANDAR,JALAN SEJAHTERA,PEJABAT KEMAS,"Monday,Tuesday,Wednesday,Thursday,Friday,Sunday"
2023,5,MP KLUANG, PUSAT BANDAR,JALAN SEKOLAH,KUARTERS KERAJAAN,"Tuesday,Friday"
2023,5,MP KLUANG, PUSAT BANDAR,JALAN SEKOLAH,KUARTERS LEMBAGA GETAH MALAYSIA,"Tuesday,Friday"
2023,5,MP KLUANG, PUSAT BANDAR,JALAN SEKOLAH,LEMBAGA GETAH MALAYSIA,"Monday,Tuesday,Wednesday,Thursday,Friday,Sunday"
2023,5,MP KLUANG, PUSAT BANDAR,JALAN SEKOLAH,SK TENGKU MAHMOOD 1 / SK TENGKU MAHMOOD 2,"Monday,Tuesday,Wednesday,Thursday,Friday,Sunday"
2023,5,MP KLUANG, PUSAT BANDAR,JALAN SEKOLAH,SMK TINGGI KLUANG DAN ASRAMA,"Monday,Tuesday,Wednesday,Thursday,Friday,Sunday"
2023,5,MP KLUANG, PUSAT BANDAR,JALAN SEKOLAH,SK PEREMPUAN BANDAR,"Monday,Tuesday,Wednesday,Thursday,Friday,Sunday"
2023,5,MP KLUANG, PUSAT BANDAR,JALAN SEKOLAH,PUSAT KEGIATAN GURU,"Monday,Tuesday,Wednesday,Thursday,Friday,Sunday"
2023,5,MP KLUANG, PUSAT BANDAR,JALAN SEKOLAH,MASJID JAMEK KLUANG,"Monday,Tuesday,Wednesday,Thursday,Friday,Sunday"
2023,5,MP KLUANG, PUSAT BANDAR,JALAN SEKOLAH,SK LELAKI BANDAR,"Monday,Tuesday,Wednesday,Thursday,Friday,Sunday"
2023,5,MP KLUANG, PUSAT BANDAR,JALAN SENTOL,,"Monday,Tuesday,Wednesday,Thursday,Saturday,Sunday"
2023,5,MP KLUANG, PUSAT BANDAR,JALAN STATION,,"Monday,Tuesday,Wednesday,Thursday,Saturday,Sunday"
2023,5,MP KLUANG, PUSAT BANDAR,JALAN SULTANAH,,"Monday,Tuesday,Wednesday,Thursday,Saturday,Sunday"
2023,5,MP KLUANG, PUSAT BANDAR,JALAN SYED HAMID SAGGAFT,,"Monday,Tuesday,Wednesday,Thursday,Saturday,Sunday"
2023,5,MP KLUANG, PUSAT BANDAR,JALAN TENGKU MAHKOTA ISMAIL,,"Monday,Tuesday,Wednesday,Thursday,Saturday,Sunday"
2023,5,MP KLUANG, PUSAT BANDAR,JALAN YAYASAN,,"Monday,Tuesday,Wednesday,Thursday,Saturday,Sunday"
2023,5,MP KLUANG, PUSAT BANDAR,"LORONG 1, JALAN SEJAHTERA",,"Tuesday,Friday"
2023,5,MP KLUANG, PUSAT BANDAR,"LORONG 2, JALAN SEJAHTERA",,"Tuesday,Friday"
2023,5,MP KLUANG, PUSAT BANDAR,"LORONG 3, JALAN SEJAHTERA",,"Tuesday,Friday"
2023,5,MP KLUANG, PUSAT BANDAR,PERSIARAN DATO HAJI ISMAIL HASSAN,,"Monday,Tuesday,Wednesday,Thursday,Friday,Sunday"
2023,5,MP KLUANG, PUSAT BANDAR,JALAN CIKU,,"Monday,Tuesday,Wednesday,Thursday,Saturday,Sunday"
2023,5,MP KLUANG, PUSAT BANDAR,JALAN PANGGUNG,,"Monday,Tuesday,Wednesday,Thursday,Saturday,Sunday"
2023,5,MP KLUANG, PUSAT BANDAR,JALAN MENGKIBOL,JABATAN KEBAJIKAN MASYARAKAT,"Monday,Tuesday,Wednesday,Thursday,Saturday,Sunday"
2023,5,MP KLUANG, PUSAT BANDAR,JALAN SENTOL 1,,"Monday,Tuesday,Wednesday,Thursday,Saturday,Sunday"
2023,5,MP KLUANG, PUSAT BANDAR,LORONG PANGGUNG,GERAI MPK,"Monday,Tuesday,Wednesday,Thursday,Saturday,Sunday"
2023,5,MP KLUANG, PUSAT BANDAR,JALAN GERAI MPK,GERAI MPK BENTENG,"Monday,Tuesday,Wednesday,Thursday,Friday,Sunday"
2023,5,MP KLUANG, PUSAT BANDAR,JALAN PERSIARAN YAYASAN,,"Monday,Tuesday,Wednesday,Thursday,Saturday,Sunday"
2023,5,MP KLUANG, PUSAT BANDAR,JALAN HASHIM,,"Monday,Tuesday,Wednesday,Thursday,Saturday,Sunday"
2023,5,MP KLUANG, PUSAT BANDAR,JALAN PASAR LAMA,,"Monday,Tuesday,Wednesday,Thursday,Saturday,Sunday"
2023,5,MP KLUANG,PUSAT PERNIAGAAN TASIK,JALAN TASIK 1,,"Monday,Tuesday,Wednesday,Thursday,Friday,Sunday"
2023,5,MP KLUANG,PUSAT PERNIAGAAN TASIK,JALAN TASIK 2,,"Monday,Tuesday,Wednesday,Thursday,Friday,Sunday"
2023,5,MP KLUANG,TAMAN BERLIAN BIRU,JALAN BERLIAN 8,,"Monday,Thursday"
2023,5,MP KLUANG,TAMAN BERLIAN BIRU,JALAN BERLIAN 3,,"Monday,Thursday"
2023,5,MP KLUANG,TAMAN BERLIAN BIRU,JALAN BERLIAN 4,,"Monday,Thursday"
2023,5,MP KLUANG,TAMAN BERLIAN BIRU,JALAN BERLIAN 4,SURAU AL-KHAIRIAH / BALAIRAYA,"Monday,Tuesday,Wednesday,Thursday,Friday,Sunday"
2023,5,MP KLUANG,TAMAN BERLIAN BIRU,JALAN BERLIAN 5,,"Monday,Thursday"
2023,5,MP KLUANG,TAMAN BERLIAN BIRU,JALAN BERLIAN 6,,"Monday,Thursday"
2023,5,MP KLUANG,TAMAN BERLIAN BIRU,JALAN BERLIAN 7,,"Monday,Thursday"
2023,5,MP KLUANG,TAMAN BERLIAN BIRU,JALAN BERLIAN 2,,"Monday,Tuesday,Wednesday,Thursday,Friday,Sunday"
2023,5,MP KLUANG,TAMAN BERLIAN BIRU,JALAN BERLIAN 1,,"Monday,Tuesday,Wednesday,Thursday,Friday,Sunday"
2023,5,MP KLUANG,TAMAN BERLIAN BIRU,JALAN BERLIAN 9,,"Monday,Thursday"
2023,5,MP KLUANG,TAMAN BERLIAN BIRU 2,JALAN BERLIAN BIRU 1,,"Monday,Thursday"
2023,5,MP KLUANG,TAMAN BERLIAN BIRU 2,JALAN BERLIAN BIRU 2,,"Monday,Thursday"
2023,5,MP KLUANG,TAMAN BERSATU,JALAN 1,,"Tuesday,Friday"
2023,5,MP KLUANG,TAMAN BERSATU,JALAN 1,,"Monday,Tuesday,Wednesday,Thursday,Friday,Sunday"
2023,5,MP KLUANG,TAMAN BERSATU,JALAN 2,,"Monday,Tuesday,Wednesday,Thursday,Friday,Sunday"
2023,5,MP KLUANG,TAMAN BERSATU,JALAN 3,,"Tuesday,Friday"
2023,5,MP KLUANG,TAMAN BERSATU,JALAN 4,,"Tuesday,Friday"
2023,5,MP KLUANG,TAMAN BERSATU,JALAN 5,,"Tuesday,Friday"
2023,5,MP KLUANG,TAMAN BERSATU,JALAN 6,,"Tuesday,Friday"
2023,5,MP KLUANG,TAMAN BERSATU,JALAN 7,,"Tuesday,Friday"
2023,5,MP KLUANG,TAMAN BERSATU,JALAN 8,,"Tuesday,Friday"
2023,5,MP KLUANG,"TAMAN BESTARI, AYER HITAM",JALAN BESTARI 1,,"Monday,Tuesday,Wednesday,Thursday,Friday,Sunday"
2023,5,MP KLUANG,TAMAN BINTANG,JALAN BINTANG,,"Monday,Thursday"
2023,5,MP KLUANG,TAMAN BINTANG,JALAN BINTANG 3,,"Monday,Thursday"
2023,5,MP KLUANG,TAMAN BINTANG,JALAN BINTANG 4,,"Monday,Thursday"
2023,5,MP KLUANG,TAMAN CAHAYA PELANGI,JALAN CAHAYA PELANGI 1,,"Wednesday,Sunday"
2023,5,MP KLUANG,TAMAN CAHAYA PELANGI,JALAN CAHAYA PELANGI 2,,"Wednesday,Sunday"
2023,5,MP KLUANG,TAMAN CAHAYA PELANGI,JALAN CAHAYA PELANGI 3,,"Wednesday,Sunday"
2023,5,MP KLUANG,TAMAN CAHAYA PELANGI,JALAN CAHAYA PELANGI 4,,"Wednesday,Sunday"
2023,5,MP KLUANG,TAMAN CAHAYA PELANGI,JALAN CAHAYA PELANGI 5,,"Wednesday,Sunday"
2023,5,MP KLUANG,TAMAN CAHAYA PELANGI,JALAN CAHAYA PELANGI 6,,"Wednesday,Sunday"
2023,5,MP KLUANG,TAMAN CAHAYA PELANGI,JALAN CAHAYA PELANGI 7,,"Wednesday,Sunday"
2023,5,MP KLUANG,TAMAN CAHAYA PELANGI,JALAN CAHAYA PELANGI 8,,"Wednesday,Sunday"
2023,5,MP KLUANG,TAMAN CAHAYA PELANGI,JALAN CAHAYA PELANGI 9,,"Wednesday,Sunday"
2023,5,MP KLUANG,TAMAN CAHAYA PELANGI,JALAN CAHAYA PELANGI 10,,"Wednesday,Sunday"
2023,5,MP KLUANG,TAMAN CAHAYA PELANGI,JALAN CAHAYA PELANGI 11,,"Wednesday,Sunday"
2023,5,MP KLUANG,TAMAN DELIMA,JALAN 1,,"Wednesday,Sunday"
2023,5,MP KLUANG,TAMAN DELIMA,JALAN 1,,"Monday,Tuesday,Wednesday,Thursday,Friday,Sunday"
2023,5,MP KLUANG,TAMAN DELIMA,JALAN 10,,"Wednesday,Sunday"
2023,5,MP KLUANG,TAMAN DELIMA,JALAN 11,,"Monday,Thursday"
2023,5,MP KLUANG,TAMAN DELIMA,JALAN 12,,"Wednesday,Sunday"
2023,5,MP KLUANG,TAMAN DELIMA,JALAN 13,,"Monday,Thursday"
2023,5,MP KLUANG,TAMAN DELIMA,JALAN 14,,"Wednesday,Sunday"
2023,5,MP KLUANG,TAMAN DELIMA,JALAN 14/1,,"Wednesday,Sunday"
2023,5,MP KLUANG,TAMAN DELIMA,JALAN 14/2,,"Wednesday,Sunday"
2023,5,MP KLUANG,TAMAN DELIMA,JALAN 14/3,,"Wednesday,Sunday"
2023,5,MP KLUANG,TAMAN DELIMA,JALAN 14/4,,"Wednesday,Sunday"
2023,5,MP KLUANG,TAMAN DELIMA,JALAN 15,,"Monday,Thursday"
2023,5,MP KLUANG,TAMAN DELIMA,JALAN 16,,"Wednesday,Sunday"
2023,5,MP KLUANG,TAMAN DELIMA,JALAN 17,,"Monday,Thursday"
2023,5,MP KLUANG,TAMAN DELIMA,JALAN 18,,"Wednesday,Sunday"
2023,5,MP KLUANG,TAMAN DELIMA,JALAN 19,,"Monday,Thursday"
2023,5,MP KLUANG,TAMAN DELIMA,JALAN 2,,"Wednesday,Sunday"
2023,5,MP KLUANG,TAMAN DELIMA,JALAN 20,,"Monday,Thursday"
2023,5,MP KLUANG,TAMAN DELIMA,JALAN 22,,"Monday,Thursday"
2023,5,MP KLUANG,TAMAN DELIMA,JALAN 24,,"Monday,Thursday"
2023,5,MP KLUANG,TAMAN DELIMA,JALAN 26,,"Monday,Thursday"
2023,5,MP KLUANG,TAMAN DELIMA,JALAN 28,,"Monday,Thursday"
2023,5,MP KLUANG,TAMAN DELIMA,JALAN 3,,"Monday,Tuesday,Wednesday,Thursday,Friday,Sunday"
2023,5,MP KLUANG,TAMAN DELIMA,JALAN 30,,"Monday,Thursday"
2023,5,MP KLUANG,TAMAN DELIMA,JALAN 32,,"Monday,Thursday"
2023,5,MP KLUANG,TAMAN DELIMA,JALAN 4,,"Wednesday,Sunday"
2023,5,MP KLUANG,TAMAN DELIMA,JALAN 4/1,,"Wednesday,Sunday"
2023,5,MP KLUANG,TAMAN DELIMA,JALAN 4/2,,"Wednesday,Sunday"
2023,5,MP KLUANG,TAMAN DELIMA,JALAN 4/3,,"Wednesday,Sunday"
2023,5,MP KLUANG,TAMAN DELIMA,JALAN 7,,"Monday,Tuesday,Wednesday,Thursday,Friday,Sunday"
2023,5,MP KLUANG,TAMAN DELIMA,JALAN 8,,"Wednesday,Sunday"
2023,5,MP KLUANG,TAMAN DELIMA,JALAN 9,,"Monday,Thursday"
2023,5,MP KLUANG,TAMAN DELIMA 2,JALAN DELIMA 1,,"Wednesday,Sunday"
2023,5,MP KLUANG,TAMAN DELIMA 2,JALAN DELIMA 2,,"Wednesday,Sunday"
2023,5,MP KLUANG,TAMAN DELIMA 2,JALAN DELIMA 3,,"Wednesday,Sunday"
2023,5,MP KLUANG,TAMAN DELIMA 2,JALAN DELIMA 4,,"Wednesday,Sunday"
2023,5,MP KLUANG,TAMAN DELIMA 2,JALAN DELIMA 6,,"Wednesday,Sunday"
2023,5,MP KLUANG,TAMAN DELIMA 2,JALAN DELIMA 7,,"Wednesday,Sunday"
2023,5,MP KLUANG,TAMAN DELIMA 2,JALAN DELIMA 8,,"Wednesday,Sunday"
2023,5,MP KLUANG,TAMAN DELIMA 2,JALAN DELIMA 10,,"Wednesday,Sunday"
2023,5,MP KLUANG,TAMAN DELIMA 2,JALAN DELIMA 11,,"Wednesday,Sunday"
2023,5,MP KLUANG,TAMAN DELIMA 2,JALAN DELIMA 12,,"Wednesday,Sunday"
2023,5,MP KLUANG,TAMAN DELIMA 2,JALAN DELIMA 13,,"Wednesday,Sunday"
2023,5,MP KLUANG,TAMAN DELIMA 2,JALAN DELIMA 14,,"Wednesday,Sunday"
2023,5,MP KLUANG,TAMAN DELIMA 2,JALAN DELIMA 15,,"Wednesday,Sunday"
2023,5,MP KLUANG,TAMAN DELIMA 2,JALAN DELIMA 17,,"Wednesday,Sunday"
2023,5,MP KLUANG,TAMAN DELIMA 2,JALAN DELIMA 18,,"Wednesday,Sunday"
2023,5,MP KLUANG,TAMAN DELIMA 2,JALAN DELIMA 19,,"Wednesday,Sunday"
2023,5,MP KLUANG,TAMAN DELIMA 2,JALAN DELIMA 20,,"Wednesday,Sunday"
2023,5,MP KLUANG,TAMAN DELIMA 2,JALAN DELIMA 21,,"Wednesday,Sunday"
2023,5,MP KLUANG,TAMAN DELIMA 2,JALAN DELIMA 22,,"Wednesday,Sunday"
2023,5,MP KLUANG,TAMAN DELIMA 2,JALAN DELIMA 23,,"Wednesday,Sunday"
2023,5,MP KLUANG,TAMAN DELIMA 2,JALAN DELIMA 24,,"Wednesday,Sunday"
2023,5,MP KLUANG,TAMAN DELIMA 2,JALAN DELIMA 25,,"Wednesday,Sunday"
2023,5,MP KLUANG,TAMAN DELIMA 2,JALAN DELIMA 26,,"Wednesday,Sunday"
2023,5,MP KLUANG,TAMAN DELIMA 2,JALAN DELIMA 27,,"Wednesday,Sunday"
2023,5,MP KLUANG,TAMAN DESA,JALAN DESA,,"Monday,Thursday"
2023,5,MP KLUANG,TAMAN DESA,JALAN DESA,,"Monday,Tuesday,Wednesday,Thursday,Friday,Sunday"
2023,5,MP KLUANG,TAMAN DESA,JALAN DESA 1,,"Monday,Tuesday,Wednesday,Thursday,Friday,Sunday"
2023,5,MP KLUANG,TAMAN DESA,JALAN DESA 10,,"Monday,Thursday"
2023,5,MP KLUANG,TAMAN DESA,JALAN DESA 10/1,,"Monday,Thursday"
2023,5,MP KLUANG,TAMAN DESA,JALAN DESA 10/2,,"Monday,Thursday"
2023,5,MP KLUANG,TAMAN DESA,JALAN DESA 10/3,,"Monday,Thursday"
2023,5,MP KLUANG,TAMAN DESA,JALAN DESA 10/4,,"Monday,Thursday"
2023,5,MP KLUANG,TAMAN DESA,JALAN DESA 11,,"Monday,Thursday"
2023,5,MP KLUANG,TAMAN DESA,JALAN DESA 11/1,,"Monday,Thursday"
2023,5,MP KLUANG,TAMAN DESA,JALAN DESA 12,,"Monday,Thursday"
2023,5,MP KLUANG,TAMAN DESA,JALAN DESA 12/1,,"Monday,Thursday"
2023,5,MP KLUANG,TAMAN DESA,JALAN DESA 12/2,,"Monday,Thursday"
2023,5,MP KLUANG,TAMAN DESA,JALAN DESA 2,,"Monday,Tuesday,Wednesday,Thursday,Friday,Sunday"
2023,5,MP KLUANG,TAMAN DESA,JALAN DESA 3,,"Monday,Tuesday,Wednesday,Thursday,Friday,Sunday"
2023,5,MP KLUANG,TAMAN DESA,JALAN DESA 4,,"Monday,Thursday"
2023,5,MP KLUANG,TAMAN DESA,JALAN DESA 5,GERAI MPK,"Monday,Tuesday,Wednesday,Thursday,Friday,Sunday"
2023,5,MP KLUANG,TAMAN DESA,JALAN DESA 5/1,,"Monday,Tuesday,Wednesday,Thursday,Friday,Sunday"
2023,5,MP KLUANG,TAMAN DESA,JALAN DESA 5/2,,"Monday,Tuesday,Wednesday,Thursday,Friday,Sunday"
2023,5,MP KLUANG,TAMAN DESA,JALAN DESA 5/3,,"Monday,Tuesday,Wednesday,Thursday,Friday,Sunday"
2023,5,MP KLUANG,TAMAN DESA,JALAN DESA 6,,"Monday,Thursday"
2023,5,MP KLUANG,TAMAN DESA,JALAN DESA 7,,"Monday,Thursday"
2023,5,MP KLUANG,TAMAN DESA,JALAN DESA 7/1,,"Monday,Thursday"
2023,5,MP KLUANG,TAMAN DESA,JALAN DESA 7/2,,"Monday,Thursday"
2023,5,MP KLUANG,TAMAN DESA,JALAN DESA 7/2,DEWAN SERBAGUNA,"Monday,Tuesday,Wednesday,Thursday,Friday,Sunday"
2023,5,MP KLUANG,TAMAN DESA,JALAN DESA 7/3,,"Monday,Thursday"
2023,5,MP KLUANG,TAMAN DESA,JALAN DESA 7/4,,"Monday,Thursday"
2023,5,MP KLUANG,TAMAN DESA,JALAN DESA 7/5,,"Monday,Thursday"
2023,5,MP KLUANG,TAMAN DESA,JALAN DESA 7/6,,"Monday,Thursday"
2023,5,MP KLUANG,TAMAN DESA,JALAN DESA 7/7,,"Monday,Thursday"
2023,5,MP KLUANG,TAMAN DESA,JALAN DESA 8,,"Monday,Thursday"
2023,5,MP KLUANG,TAMAN DESA,JALAN DESA 8/1,,"Monday,Thursday"
2023,5,MP KLUANG,TAMAN DESA,JALAN DESA 8/2,,"Monday,Thursday"
2023,5,MP KLUANG,TAMAN DESA,JALAN DESA 8/3,,"Monday,Thursday"
2023,5,MP KLUANG,TAMAN DESA,JALAN DESA 8/4,,"Monday,Thursday"
2023,5,MP KLUANG,TAMAN DESA,JALAN DESA 8/5,,"Monday,Thursday"
2023,5,MP KLUANG,TAMAN DESA,JALAN DESA 8/5,SURAU NURUL ULUM,"Monday,Tuesday,Wednesday,Thursday,Friday,Sunday"
2023,5,MP KLUANG,TAMAN DESA,JALAN DESA 8/6,,"Monday,Thursday"
2023,5,MP KLUANG,TAMAN DESA,JALAN DESA 8/7,,"Monday,Thursday"
2023,5,MP KLUANG,TAMAN DESA,JALAN DESA 9,,"Monday,Thursday"
2023,5,MP KLUANG,TAMAN DESA,JALAN DESA 9/1,,"Monday,Thursday"
2023,5,MP KLUANG,TAMAN DESA,JALAN DESA 9/2,,"Monday,Thursday"
2023,5,MP KLUANG,TAMAN DESA,JALAN DESA 9/3,,"Monday,Thursday"
2023,5,MP KLUANG,TAMAN DESA,JALAN DESA 9/4,,"Monday,Thursday"
2023,5,MP KLUANG,TAMAN DESA,JALAN DESA 9/5,,"Monday,Thursday"
2023,5,MP KLUANG,TAMAN DESA,JALAN DESA 9/5,SEKOLAH AGAMA TAMAN DESA,"Monday,Tuesday,Wednesday,Thursday,Friday,Sunday"
2023,5,MP KLUANG,TAMAN DESA,JALAN ONG KAI TOCK,,"Monday,Thursday"
2023,5,MP KLUANG,TAMAN DESA HARMONI,JALAN PISANG BERANGAN,,"Tuesday,Friday"
2023,5,MP KLUANG,TAMAN DESA HARMONI,JALAN PISANG BERANGAN 1,,"Tuesday,Friday"
2023,5,MP KLUANG,TAMAN DESA HARMONI,JALAN PISANG BERANGAN 2,,"Tuesday,Friday"
2023,5,MP KLUANG,TAMAN DESA HARMONI,JALAN PISANG BERANGAN 4,,"Tuesday,Friday"
2023,5,MP KLUANG,TAMAN DESA HARMONI,JALAN PISANG NIPAH,,"Tuesday,Friday"
2023,5,MP KLUANG,TAMAN DESA HARMONI,JALAN PISANG LILIN,,"Tuesday,Friday"
2023,5,MP KLUANG,TAMAN DESA HARMONI,JALAN PISANG LEMAK MANIS,,"Tuesday,Friday"
2023,5,MP KLUANG,TAMAN DESA HARMONI,JALAN PISANG TANDUK,,"Tuesday,Friday"
2023,5,MP KLUANG,TAMAN DESA HARMONI,JALAN PISANG KAPAS,,"Tuesday,Friday"
2023,5,MP KLUANG,TAMAN DESA HARMONI,JALAN PISANG RESTALI,,"Tuesday,Friday"
2023,5,MP KLUANG,TAMAN DESA HARMONI,JALAN PISANG NANGKA,,"Tuesday,Friday"
2023,5,MP KLUANG,TAMAN DESA HARMONI,JALAN PISANG BOYAN,,"Tuesday,Friday"
2023,5,MP KLUANG,TAMAN DESA HARMONI,JALAN PISANG RAJA UDANG,,"Tuesday,Friday"
2023,5,MP KLUANG,TAMAN DESA HARMONI,JALAN PISANG RAJA UDANG,SMK SAINS JOHOR,"Monday,Tuesday,Wednesday,Thursday,Friday,Sunday"
2023,5,MP KLUANG,TAMAN DESA HARMONI,JALAN PISANG JELAI,,"Tuesday,Friday"
2023,5,MP KLUANG,TAMAN DESA HARMONI,JALAN PISANG RAJA 2,,"Tuesday,Friday"
2023,5,MP KLUANG,TAMAN DESA HARMONI,JALAN PISANG RAJA 3,,"Tuesday,Friday"
2023,5,MP KLUANG,TAMAN DESA HARMONI,JALAN PISANG EMAS,,"Tuesday,Friday"
2023,5,MP KLUANG,TAMAN EMAS,JALAN BERKAT,,"Tuesday,Friday"
2023,5,MP KLUANG,TAMAN EMAS,JALAN SAHABAT,,"Tuesday,Friday"
2023,5,MP KLUANG,TAMAN EMAS,JALAN SAHABAT,,"Monday,Tuesday,Wednesday,Thursday,Friday,Sunday"
2023,5,MP KLUANG,TAMAN EMAS,JALAN SAHABAT 1,,"Monday,Tuesday,Wednesday,Thursday,Friday,Sunday"
2023,5,MP KLUANG,TAMAN EMAS,JALAN SAHABAT 10,,"Tuesday,Friday"
2023,5,MP KLUANG,TAMAN EMAS,JALAN SAHABAT 11,,"Tuesday,Friday"
2023,5,MP KLUANG,TAMAN EMAS,JALAN SAHABAT 12,,"Tuesday,Friday"
2023,5,MP KLUANG,TAMAN EMAS,JALAN SAHABAT 2,,"Tuesday,Friday"
2023,5,MP KLUANG,TAMAN EMAS,JALAN SAHABAT 3,,"Tuesday,Friday"
2023,5,MP KLUANG,TAMAN EMAS,JALAN SAHABAT 3,SURAU TMN EMAS,"Monday,Tuesday,Wednesday,Thursday,Friday,Sunday"
2023,5,MP KLUANG,TAMAN EMAS,JALAN SAHABAT 4,,"Tuesday,Friday"
2023,5,MP KLUANG,TAMAN EMAS,JALAN SAHABAT 5,,"Tuesday,Friday"
2023,5,MP KLUANG,TAMAN EMAS,JALAN SAHABAT 6,,"Tuesday,Friday"
2023,5,MP KLUANG,TAMAN EMAS,JALAN SAHABAT 7,,"Tuesday,Friday"
2023,5,MP KLUANG,TAMAN EMAS,JALAN SAHABAT 8,,"Tuesday,Friday"
2023,5,MP KLUANG,TAMAN EMAS,JALAN SAHABAT 9,,"Tuesday,Friday"
2023,5,MP KLUANG,TAMAN IDAMAN,JALAN IDAMAN 2,,"Wednesday,Sunday"
2023,5,MP KLUANG,TAMAN IDAMAN,JALAN IDAMAN 3,,"Wednesday,Sunday"
2023,5,MP KLUANG,TAMAN IDAMAN,JALAN IDAMAN 5,,"Wednesday,Sunday"
2023,5,MP KLUANG,TAMAN IDAMAN,JALAN IDAMAN 6,,"Wednesday,Sunday"
2023,5,MP KLUANG,TAMAN IDAMAN,JALAN IDAMAN 7,,"Wednesday,Sunday"
2023,5,MP KLUANG,TAMAN IDAMAN,JALAN PERSIARAN IDAMAN,,"Monday,Tuesday,Wednesday,Thursday,Friday,Sunday"
2023,5,MP KLUANG,TAMAN INTAN,JALAN INTAN 1,,"Monday,Thursday"
2023,5,MP KLUANG,TAMAN INTAN,JALAN INTAN 1,,"Monday,Tuesday,Wednesday,Thursday,Friday,Sunday"
2023,5,MP KLUANG,TAMAN INTAN,JALAN INTAN 1/1,,"Monday,Tuesday,Wednesday,Thursday,Friday,Sunday"
2023,5,MP KLUANG,TAMAN INTAN,JALAN INTAN 1/2,,"Monday,Thursday"
2023,5,MP KLUANG,TAMAN INTAN,JALAN INTAN 1/3,,"Monday,Thursday"
2023,5,MP KLUANG,TAMAN INTAN,JALAN INTAN 1/4,,"Monday,Thursday"
2023,5,MP KLUANG,TAMAN INTAN,JALAN INTAN 1/5,,"Monday,Thursday"
2023,5,MP KLUANG,TAMAN INTAN,JALAN INTAN 1/6,SMK SERI INTAN,"Monday,Tuesday,Wednesday,Thursday,Friday,Sunday"
2023,5,MP KLUANG,TAMAN INTAN,JALAN INTAN 1/7,,"Monday,Thursday"
2023,5,MP KLUANG,TAMAN INTAN,JALAN INTAN 2,GERAI  MPK,"Monday,Tuesday,Wednesday,Thursday,Friday,Sunday"
2023,5,MP KLUANG,TAMAN INTAN,JALAN INTAN 2/1,,"Monday,Tuesday,Wednesday,Thursday,Friday,Sunday"
2023,5,MP KLUANG,TAMAN INTAN,JALAN INTAN 2/10,,"Monday,Thursday"
2023,5,MP KLUANG,TAMAN INTAN,JALAN INTAN 2/11,,"Monday,Thursday"
2023,5,MP KLUANG,TAMAN INTAN,JALAN INTAN 2/12,,"Monday,Thursday"
2023,5,MP KLUANG,TAMAN INTAN,JALAN INTAN 2/13,,"Monday,Thursday"
2023,5,MP KLUANG,TAMAN INTAN,JALAN INTAN 2/14,,"Monday,Thursday"
2023,5,MP KLUANG,TAMAN INTAN,JALAN INTAN 2/15,,"Monday,Thursday"
2023,5,MP KLUANG,TAMAN INTAN,JALAN INTAN 2/16,,"Monday,Thursday"
2023,5,MP KLUANG,TAMAN INTAN,JALAN INTAN 2/17,,"Monday,Thursday"
2023,5,MP KLUANG,TAMAN INTAN,JALAN INTAN 2/18,,"Monday,Thursday"
2023,5,MP KLUANG,TAMAN INTAN,JALAN INTAN 2/19,,"Monday,Thursday"
2023,5,MP KLUANG,TAMAN INTAN,JALAN INTAN 2/2,,"Monday,Tuesday,Wednesday,Thursday,Friday,Sunday"
2023,5,MP KLUANG,TAMAN INTAN,JALAN INTAN 2/20,,"Monday,Thursday"
2023,5,MP KLUANG,TAMAN INTAN,JALAN INTAN 2/21,,"Monday,Thursday"
2023,5,MP KLUANG,TAMAN INTAN,JALAN INTAN 2/22,,"Monday,Thursday"
2023,5,MP KLUANG,TAMAN INTAN,JALAN INTAN 2/23,,"Monday,Thursday"
2023,5,MP KLUANG,TAMAN INTAN,JALAN INTAN 2/3,,"Monday,Tuesday,Wednesday,Thursday,Friday,Sunday"
2023,5,MP KLUANG,TAMAN INTAN,JALAN INTAN 2/4,,"Monday,Tuesday,Wednesday,Thursday,Friday,Sunday"
2023,5,MP KLUANG,TAMAN INTAN,JALAN INTAN 2/5,,"Monday,Tuesday,Wednesday,Thursday,Friday,Sunday"
2023,5,MP KLUANG,TAMAN INTAN,JALAN INTAN 2/6,,"Monday,Thursday"
2023,5,MP KLUANG,TAMAN INTAN,JALAN INTAN 2/7,,"Monday,Thursday"
2023,5,MP KLUANG,TAMAN INTAN,JALAN INTAN 2/8,,"Monday,Thursday"
2023,5,MP KLUANG,TAMAN INTAN,JALAN INTAN 2/9,,"Monday,Thursday"
2023,5,MP KLUANG,TAMAN INTAN,JALAN INTAN 3,,"Monday,Thursday"
2023,5,MP KLUANG,TAMAN INTAN,JALAN INTAN 3,,"Monday,Tuesday,Wednesday,Thursday,Friday,Sunday"
2023,5,MP KLUANG,TAMAN INTAN,JALAN INTAN 3/1,,"Monday,Thursday"
2023,5,MP KLUANG,TAMAN INTAN,JALAN INTAN 3/2,,"Monday,Thursday"
2023,5,MP KLUANG,TAMAN INTAN,JALAN INTAN 3/3,,"Monday,Thursday"
2023,5,MP KLUANG,TAMAN INTAN,JALAN INTAN 3/4,,"Monday,Thursday"
2023,5,MP KLUANG,TAMAN INTAN,JALAN INTAN 3/5,,"Monday,Thursday"
2023,5,MP KLUANG,TAMAN INTAN,JALAN INTAN 3/6,,"Monday,Thursday"
2023,5,MP KLUANG,TAMAN INTAN,JALAN INTAN 3/6,SR AGAMA BERSEPADU (SRAB),"Monday,Tuesday,Wednesday,Thursday,Friday,Sunday"
2023,5,MP KLUANG,TAMAN INTAN,JALAN INTAN 4,,"Tuesday,Friday"
2023,5,MP KLUANG,TAMAN INTAN,JALAN INTAN 4,SK SERI INTAN,"Monday,Tuesday,Wednesday,Thursday,Friday,Sunday"
2023,5,MP KLUANG,TAMAN INTAN,JALAN INTAN 4/1,,"Tuesday,Friday"
2023,5,MP KLUANG,TAMAN INTAN,JALAN INTAN 4/2,,"Tuesday,Friday"
2023,5,MP KLUANG,TAMAN INTAN,JALAN INTAN 4/3,,"Tuesday,Friday"
2023,5,MP KLUANG,TAMAN INTAN,JALAN INTAN 4/4,,"Tuesday,Friday"
2023,5,MP KLUANG,TAMAN INTAN,JALAN INTAN 4/5,,"Tuesday,Friday"
2023,5,MP KLUANG,TAMAN INTAN,JALAN INTAN 4/6,,"Tuesday,Friday"
2023,5,MP KLUANG,TAMAN INTAN,JALAN INTAN 4/7,,"Tuesday,Friday"
2023,5,MP KLUANG,TAMAN INTAN,JALAN INTAN 5,,"Wednesday,Sunday"
2023,5,MP KLUANG,TAMAN INTAN,JALAN INTAN 5,SURAU NURUL HIDAYAH  / BALAIRAYA,"Monday,Tuesday,Wednesday,Thursday,Friday,Sunday"
2023,5,MP KLUANG,TAMAN INTAN,JALAN INTAN 5,BALAI RAYA,"Monday,Tuesday,Wednesday,Thursday,Friday,Sunday"
2023,5,MP KLUANG,TAMAN INTAN,JALAN INTAN 5/1,,"Wednesday,Sunday"
2023,5,MP KLUANG,TAMAN INTAN,JALAN INTAN 5/10,,"Wednesday,Sunday"
2023,5,MP KLUANG,TAMAN INTAN,JALAN INTAN 5/2,,"Wednesday,Sunday"
2023,5,MP KLUANG,TAMAN INTAN,JALAN INTAN 5/3,,"Wednesday,Sunday"
2023,5,MP KLUANG,TAMAN INTAN,JALAN INTAN 5/4,,"Wednesday,Sunday"
2023,5,MP KLUANG,TAMAN INTAN,JALAN INTAN 5/5,,"Wednesday,Sunday"
2023,5,MP KLUANG,TAMAN INTAN,JALAN INTAN 5/6,,"Wednesday,Sunday"
2023,5,MP KLUANG,TAMAN INTAN,JALAN INTAN 5/7,,"Wednesday,Sunday"
2023,5,MP KLUANG,TAMAN INTAN,JALAN INTAN 5/8,,"Wednesday,Sunday"
2023,5,MP KLUANG,TAMAN INTAN,JALAN INTAN 5/9,,"Wednesday,Sunday"
2023,5,MP KLUANG,TAMAN INTAN,JALAN INTAN 6/1,,"Monday,Tuesday,Wednesday,Thursday,Friday,Sunday"
2023,5,MP KLUANG,TAMAN INTAN,JALAN INTAN 6/2,,"Monday,Thursday"
2023,5,MP KLUANG,TAMAN INTAN,JALAN INTAN 6/3,,"Monday,Thursday"
2023,5,MP KLUANG,TAMAN INTAN,JALAN INTAN 7/1,,"Monday,Tuesday,Wednesday,Thursday,Friday,Sunday"
2023,5,MP KLUANG,TAMAN INTAN,JALAN INTAN 7/2,,"Monday,Tuesday,Wednesday,Thursday,Friday,Sunday"
2023,5,MP KLUANG,TAMAN INTAN,JALAN INTAN 7/3,,"Monday,Tuesday,Wednesday,Thursday,Friday,Sunday"
2023,5,MP KLUANG,TAMAN INTAN,JALAN INTAN 7/4,,"Monday,Tuesday,Wednesday,Thursday,Friday,Sunday"
2023,5,MP KLUANG,TAMAN KERJASAMA,JALAN BENAR,,"Wednesday,Sunday"
2023,5,MP KLUANG,TAMAN KERJASAMA,JALAN IKHLAS,,"Wednesday,Sunday"
2023,5,MP KLUANG,TAMAN KERJASAMA,JALAN INGIN,,"Wednesday,Sunday"
2023,5,MP KLUANG,TAMAN KERJASAMA,JALAN JAYA,,"Wednesday,Sunday"
2023,5,MP KLUANG,TAMAN KERJASAMA,JALAN MAJU,,"Wednesday,Sunday"
2023,5,MP KLUANG,TAMAN KERJASAMA,JALAN MANJA,,"Wednesday,Sunday"
2023,5,MP KLUANG,TAMAN KERJASAMA,JALAN MOLEK,,"Wednesday,Sunday"
2023,5,MP KLUANG,TAMAN KERJASAMA,JALAN MUHIBBAH,,"Wednesday,Sunday"
2023,5,MP KLUANG,TAMAN KERJASAMA,JALAN RAHMAT,,"Wednesday,Sunday"
2023,5,MP KLUANG,TAMAN KERJASAMA,JALAN SAYANG,,"Wednesday,Sunday"
2023,5,MP KLUANG,TAMAN KERJASAMA,"LORONG 1, JALAN JAYA",,"Wednesday,Sunday"
2023,5,MP KLUANG,TAMAN KERJASAMA,"LORONG 3, JALAN JAYA",,"Wednesday,Sunday"
2023,5,MP KLUANG,TAMAN KERJASAMA,"LORONG 4, JALAN JAYA",,"Wednesday,Sunday"
2023,5,MP KLUANG,TAMAN KERJASAMA,JALAN SIHAT,,"Wednesday,Sunday"
2023,5,MP KLUANG,TAMAN KERJASAMA,JALAN SETIA,,"Wednesday,Sunday"
2023,5,MP KLUANG,TAMAN KERJASAMA,"LORONG SETIA 1, JALAN SETIA",,"Wednesday,Sunday"
2023,5,MP KLUANG,TAMAN KERJASAMA,"LORONG SETIA 2, JALAN SETIA",,"Wednesday,Sunday"
2023,5,MP KLUANG,TAMAN KERJASAMA,JALAN TENGKU MARIAM,SK CANOSSIAN CONVENT,"Monday,Tuesday,Wednesday,Thursday,Friday,Sunday"
2023,5,MP KLUANG,TAMAN KERJASAMA,JALAN TENGKU MARIAM,SMK CANOSSIAN CONVENT,"Monday,Tuesday,Wednesday,Thursday,Friday,Sunday"
2023,5,MP KLUANG,TAMAN KERJASAMA,JALAN TENGKU MARIAM,PUSAT JAGAAN MIRIAM HOME,"Monday,Tuesday,Wednesday,Thursday,Friday,Sunday"
2023,5,MP KLUANG,TAMAN KERJASAMA,JALAN MUAFAKAT,,"Wednesday,Sunday"
2023,5,MP KLUANG,TAMAN KERJASAMA,JALAN DATO IBRAHIM MAJID,,"Wednesday,Sunday"
2023,5,MP KLUANG,TAMAN KERJASAMA,JALAN CHANGKAT JAYA,,"Wednesday,Sunday"
2023,5,MP KLUANG,TAMAN KERJASAMA,"LORONG 1, JALAN  MAJU",,"Wednesday,Sunday"
2023,5,MP KLUANG,TAMAN KERJASAMA,"LORONG 2, JALAN MAJU",,"Wednesday,Sunday"
2023,5,MP KLUANG,TAMAN KIARAMAS,JALAN KIARAMAS 1,,"Monday,Thursday"
2023,5,MP KLUANG,TAMAN KIARAMAS,JALAN KIARAMAS 2,,"Monday,Thursday"
2023,5,MP KLUANG,TAMAN KIARAMAS,JALAN KIARAMAS 3,,"Monday,Thursday"
2023,5,MP KLUANG,TAMAN KIARAMAS,JALAN KIARAMAS 4,,"Monday,Thursday"
2023,5,MP KLUANG,TAMAN KIARAMAS,JALAN KIARAMAS 5,,"Monday,Tuesday,Wednesday,Thursday,Friday,Sunday"
2023,5,MP KLUANG,TAMAN KIARAMAS,JALAN KIARAMAS 6,,"Monday,Thursday"
2023,5,MP KLUANG,TAMAN KIARAMAS,JALAN KIARAMAS 7,,"Monday,Thursday"
2023,5,MP KLUANG,TAMAN KIARAMAS,JALAN KIARAMAS 8,,"Monday,Thursday"
2023,5,MP KLUANG,TAMAN KIARAMAS,JALAN KIARAMAS 11,,"Monday,Thursday"
2023,5,MP KLUANG,TAMAN KIARAMAS,JALAN KIARAMAS 12,,"Monday,Thursday"
2023,5,MP KLUANG,TAMAN KIARAMAS,JALAN KIARAMAS 13,,"Monday,Thursday"
2023,5,MP KLUANG,TAMAN KIARAMAS,JALAN KIARAMAS 14,,"Monday,Thursday"
2023,5,MP KLUANG,TAMAN KIARAMAS,JALAN KIARAMAS 15,,"Monday,Thursday"
2023,5,MP KLUANG,TAMAN KIARAMAS,JALAN KIARAMAS 16,,"Monday,Thursday"
2023,5,MP KLUANG,TAMAN KLUANG,JALAN BELIMBING,,"Tuesday,Friday"
2023,5,MP KLUANG,TAMAN KLUANG,JALAN DATO SYED ZAIN,,"Tuesday,Friday"
2023,5,MP KLUANG,TAMAN KLUANG,JALAN FONG WAN,,"Tuesday,Friday"
2023,5,MP KLUANG,TAMAN KLUANG,JALAN ITHNIN MAAROF,,"Tuesday,Friday"
2023,5,MP KLUANG,TAMAN KLUANG,JALAN JAMBU,,"Tuesday,Friday"
2023,5,MP KLUANG,TAMAN KLUANG,JALAN KOPI,,"Tuesday,Friday"
2023,5,MP KLUANG,TAMAN KLUANG,JALAN LEE KOK WAH,,"Tuesday,Friday"
2023,5,MP KLUANG,TAMAN KLUANG,JALAN MANGGA,,"Tuesday,Friday"
2023,5,MP KLUANG,TAMAN KLUANG,JALAN OOI BOON KENG,,"Tuesday,Friday"
2023,5,MP KLUANG,TAMAN KLUANG,JALAN SIEW YONG THOI,,"Tuesday,Friday"
2023,5,MP KLUANG,TAMAN KLUANG,JALAN SUKIMAN SAHLAN,,"Tuesday,Friday"
2023,5,MP KLUANG,TAMAN KLUANG,JALAN TIAN MIN WAH,,"Tuesday,Friday"
2023,5,MP KLUANG,TAMAN KLUANG,JALAN TONG TEOW KEE,,"Tuesday,Friday"
2023,5,MP KLUANG,TAMAN KLUANG,LORONG BELIMBING 1,,"Tuesday,Friday"
2023,5,MP KLUANG,TAMAN KLUANG,LORONG BELIMBING 2,,"Tuesday,Friday"
2023,5,MP KLUANG,TAMAN KLUANG,JALAN CHEONG BOON SENG,,"Tuesday,Friday"
2023,5,MP KLUANG,TAMAN KLUANG BARAT,JALAN 1,,"Wednesday,Sunday"
2023,5,MP KLUANG,TAMAN KLUANG BARAT,JALAN 10,,"Wednesday,Sunday"
2023,5,MP KLUANG,TAMAN KLUANG BARAT,JALAN 116,,"Tuesday,Friday"
2023,5,MP KLUANG,TAMAN KLUANG BARAT,JALAN 118,,"Tuesday,Friday"
2023,5,MP KLUANG,TAMAN KLUANG BARAT,JALAN 12,,"Wednesday,Sunday"
2023,5,MP KLUANG,TAMAN KLUANG BARAT,JALAN 120,,"Tuesday,Friday"
2023,5,MP KLUANG,TAMAN KLUANG BARAT,JALAN 122,,"Tuesday,Friday"
2023,5,MP KLUANG,TAMAN KLUANG BARAT,JALAN 124,,"Tuesday,Friday"
2023,5,MP KLUANG,TAMAN KLUANG BARAT,JALAN 126,,"Tuesday,Friday"
2023,5,MP KLUANG,TAMAN KLUANG BARAT,JALAN 13,,"Monday,Tuesday,Wednesday,Thursday,Friday,Sunday"
2023,5,MP KLUANG,TAMAN KLUANG BARAT,JALAN 15,,"Wednesday,Sunday"
2023,5,MP KLUANG,TAMAN KLUANG BARAT,JALAN 16,,"Wednesday,Sunday"
2023,5,MP KLUANG,TAMAN KLUANG BARAT,JALAN 17,,"Wednesday,Sunday"
2023,5,MP KLUANG,TAMAN KLUANG BARAT,JALAN 18,,"Wednesday,Sunday"
2023,5,MP KLUANG,TAMAN KLUANG BARAT,JALAN 19,,"Wednesday,Sunday"
2023,5,MP KLUANG,TAMAN KLUANG BARAT,JALAN 2,,"Wednesday,Sunday"
2023,5,MP KLUANG,TAMAN KLUANG BARAT,JALAN 20,,"Wednesday,Sunday"
2023,5,MP KLUANG,TAMAN KLUANG BARAT,JALAN 21,,"Wednesday,Sunday"
2023,5,MP KLUANG,TAMAN KLUANG BARAT,JALAN 23,,"Wednesday,Sunday"
2023,5,MP KLUANG,TAMAN KLUANG BARAT,JALAN 24,,"Wednesday,Sunday"
2023,5,MP KLUANG,TAMAN KLUANG BARAT,JALAN 25,,"Wednesday,Sunday"
2023,5,MP KLUANG,TAMAN KLUANG BARAT,JALAN 26,,"Wednesday,Sunday"
2023,5,MP KLUANG,TAMAN KLUANG BARAT,JALAN 27,,"Wednesday,Sunday"
2023,5,MP KLUANG,TAMAN KLUANG BARAT,JALAN 28,,"Wednesday,Sunday"
2023,5,MP KLUANG,TAMAN KLUANG BARAT,JALAN 29,,"Wednesday,Sunday"
2023,5,MP KLUANG,TAMAN KLUANG BARAT,JALAN 30,,"Wednesday,Sunday"
2023,5,MP KLUANG,TAMAN KLUANG BARAT,JALAN 31,,"Wednesday,Sunday"
2023,5,MP KLUANG,TAMAN KLUANG BARAT,JALAN 32,,"Wednesday,Sunday"
2023,5,MP KLUANG,TAMAN KLUANG BARAT,JALAN 33,,"Wednesday,Sunday"
2023,5,MP KLUANG,TAMAN KLUANG BARAT,JALAN 34,,"Wednesday,Sunday"
2023,5,MP KLUANG,TAMAN KLUANG BARAT,JALAN 35,,"Wednesday,Sunday"
2023,5,MP KLUANG,TAMAN KLUANG BARAT,JALAN 36,,"Wednesday,Sunday"
2023,5,MP KLUANG,TAMAN KLUANG BARAT,JALAN 37,,"Wednesday,Sunday"
2023,5,MP KLUANG,TAMAN KLUANG BARAT,JALAN 37 A,,"Wednesday,Sunday"
2023,5,MP KLUANG,TAMAN KLUANG BARAT,JALAN 38,,"Wednesday,Sunday"
2023,5,MP KLUANG,TAMAN KLUANG BARAT,JALAN 39,,"Tuesday,Friday"
2023,5,MP KLUANG,TAMAN KLUANG BARAT,JALAN 39 A,,"Tuesday,Friday"
2023,5,MP KLUANG,TAMAN KLUANG BARAT,JALAN 39 B,,"Tuesday,Friday"
2023,5,MP KLUANG,TAMAN KLUANG BARAT,JALAN 39 C,,"Tuesday,Friday"
2023,5,MP KLUANG,TAMAN KLUANG BARAT,JALAN 39 D,,"Tuesday,Friday"
2023,5,MP KLUANG,TAMAN KLUANG BARAT,JALAN 4,,"Wednesday,Sunday"
2023,5,MP KLUANG,TAMAN KLUANG BARAT,JALAN 40,,"Wednesday,Sunday"
2023,5,MP KLUANG,TAMAN KLUANG BARAT,JALAN 41,,"Tuesday,Friday"
2023,5,MP KLUANG,TAMAN KLUANG BARAT,JALAN 47,,"Tuesday,Friday"
2023,5,MP KLUANG,TAMAN KLUANG BARAT,JALAN 48,,"Wednesday,Sunday"
2023,5,MP KLUANG,TAMAN KLUANG BARAT,JALAN 5,,"Wednesday,Sunday"
2023,5,MP KLUANG,TAMAN KLUANG BARAT,JALAN 50,,"Wednesday,Sunday"
2023,5,MP KLUANG,TAMAN KLUANG BARAT,JALAN 51,,"Monday,Tuesday,Wednesday,Thursday,Friday,Sunday"
2023,5,MP KLUANG,TAMAN KLUANG BARAT,JALAN 52,,"Wednesday,Sunday"
2023,5,MP KLUANG,TAMAN KLUANG BARAT,JALAN 53,,"Monday,Tuesday,Wednesday,Thursday,Friday,Sunday"
2023,5,MP KLUANG,TAMAN KLUANG BARAT,JALAN 54,,"Wednesday,Sunday"
2023,5,MP KLUANG,TAMAN KLUANG BARAT,JALAN 56,,"Wednesday,Sunday"
2023,5,MP KLUANG,TAMAN KLUANG BARAT,JALAN 6,,"Wednesday,Sunday"
2023,5,MP KLUANG,TAMAN KLUANG BARAT,JALAN 63,,"Tuesday,Friday"
2023,5,MP KLUANG,TAMAN KLUANG BARAT,JALAN 65,,"Tuesday,Friday"
2023,5,MP KLUANG,TAMAN KLUANG BARAT,JALAN 67,,"Tuesday,Friday"
2023,5,MP KLUANG,TAMAN KLUANG BARAT,JALAN 69,,"Tuesday,Friday"
2023,5,MP KLUANG,TAMAN KLUANG BARAT,JALAN 7,,"Wednesday,Sunday"
2023,5,MP KLUANG,TAMAN KLUANG BARAT,JALAN 71,,"Tuesday,Friday"
2023,5,MP KLUANG,TAMAN KLUANG BARAT,JALAN 73,,"Tuesday,Friday"
2023,5,MP KLUANG,TAMAN KLUANG BARAT,JALAN 79,,"Tuesday,Friday"
2023,5,MP KLUANG,TAMAN KLUANG BARAT,JALAN 8,,"Wednesday,Sunday"
2023,5,MP KLUANG,TAMAN KLUANG BARAT,JALAN YULE CATTO,SMK TAMAN KLUANG BARAT,"Monday,Tuesday,Wednesday,Thursday,Friday,Sunday"
2023,5,MP KLUANG,TAMAN KLUANG BARAT,JALAN YULE CATTO,SEKOLAH AGAMA SRI KLUANG BARAT,"Monday,Tuesday,Wednesday,Thursday,Friday,Sunday"
2023,5,MP KLUANG,TAMAN KLUANG BARAT,JALAN YULE CATTO,SURAU AL-HIDAYAH,"Monday,Tuesday,Wednesday,Thursday,Friday,Sunday"
2023,5,MP KLUANG,TAMAN KLUANG BARAT,JALAN REVERTEX,SJKC CHIAU MING,"Monday,Tuesday,Wednesday,Thursday,Friday,Sunday"
2023,5,MP KLUANG,TAMAN KLUANG BARAT,JALAN REVERTEX,GERAI MPK,"Monday,Tuesday,Wednesday,Thursday,Friday,Sunday"
2023,5,MP KLUANG,TAMAN KLUANG BARAT,JALAN REVERTEX,KAMPUS INTAN,"Monday,Tuesday,Wednesday,Thursday,Friday,Sunday"
2023,5,MP KLUANG,TAMAN KLUANG BARAT,JALAN 53 A,,"Monday,Tuesday,Wednesday,Thursday,Friday,Sunday"
2023,5,MP KLUANG,TAMAN KLUANG BARAT,JALAN 53 B,,"Monday,Tuesday,Wednesday,Thursday,Friday,Sunday"
2023,5,MP KLUANG,TAMAN KLUANG BARAT,JALAN 51A,,"Tuesday,Friday"
2023,5,MP KLUANG,TAMAN KLUANG BARAT,JALAN 51B,,"Tuesday,Friday"
2023,5,MP KLUANG,TAMAN KLUANG BARAT,JALAN 51C,,"Tuesday,Friday"
2023,5,MP KLUANG,TAMAN KLUANG BARAT,JALAN 51D,,"Tuesday,Friday"
2023,5,MP KLUANG,TAMAN KLUANG BARAT,JALAN 45A,,"Tuesday,Friday"
2023,5,MP KLUANG,TAMAN KLUANG BARAT,JALAN 45B,,"Tuesday,Friday"
2023,5,MP KLUANG,TAMAN KLUANG BARAT,JALAN 75,,"Tuesday,Friday"
2023,5,MP KLUANG,TAMAN KLUANG BARAT,JALAN 128,,"Tuesday,Friday"
2023,5,MP KLUANG,TAMAN KLUANG BARAT,JALAN 130,,"Tuesday,Friday"
2023,5,MP KLUANG,TAMAN KLUANG BARAT,JALAN 41A,,"Tuesday,Friday"
2023,5,MP KLUANG,TAMAN KLUANG BARAT,JALAN 41B,,"Tuesday,Friday"
2023,5,MP KLUANG,TAMAN KLUANG BARAT,JALAN 43,,"Tuesday,Friday"
2023,5,MP KLUANG,TAMAN KLUANG BARAT,JALAN 43A,,"Tuesday,Friday"
2023,5,MP KLUANG,TAMAN KLUANG BARAT,JALAN 43B,,"Tuesday,Friday"
2023,5,MP KLUANG,TAMAN KLUANG BARAT,JALAN 43C,,"Tuesday,Friday"
2023,5,MP KLUANG,TAMAN KLUANG BARAT,JALAN 44,,"Wednesday,Sunday"
2023,5,MP KLUANG,TAMAN KLUANG BARAT,JALAN 45,,"Tuesday,Friday"
2023,5,MP KLUANG,TAMAN KLUANG BARAT,JALAN 46,,"Wednesday,Sunday"
2023,5,MP KLUANG,TAMAN KLUANG BARAT,JALAN 49D,,"Tuesday,Friday"
2023,5,MP KLUANG,TAMAN KLUANG BARAT,JALAN 49E,,"Tuesday,Friday"
2023,5,MP KLUANG,TAMAN KLUANG BARAT,JALAN 49F,,"Tuesday,Friday"
2023,5,MP KLUANG,TAMAN KLUANG JAYA,JALAN EMAS,,"Monday,Tuesday,Wednesday,Thursday,Friday,Sunday"
2023,5,MP KLUANG,TAMAN KLUANG JAYA,JALAN GANGSA,,"Tuesday,Friday"
2023,5,MP KLUANG,TAMAN KLUANG JAYA,JALAN PERAK,,"Tuesday,Friday"
2023,5,MP KLUANG,TAMAN KLUANG JAYA,JALAN SUASA,,"Tuesday,Friday"
2023,5,MP KLUANG,TAMAN KLUANG JAYA,JALAN TEMBAGA,,"Tuesday,Friday"
2023,5,MP KLUANG,TAMAN KLUANG JAYA,JALAN TIMAH,,"Tuesday,Friday"
2023,5,MP KLUANG,TAMAN LESTARI,JALAN LESTARI UTAMA,,"Monday,Tuesday,Wednesday,Thursday,Friday,Sunday"
2023,5,MP KLUANG,TAMAN LESTARI,JALAN LESTARI 1,PERNIAGAAN AS HIGHWAY,"Monday,Tuesday,Wednesday,Thursday,Friday,Sunday"
2023,5,MP KLUANG,TAMAN LIAN SENG,JALAN CEMPEDAK,,"Wednesday,Sunday"
2023,5,MP KLUANG,TAMAN LIAN SENG,JALAN DELIMA,,"Wednesday,Sunday"
2023,5,MP KLUANG,TAMAN LIAN SENG,JALAN HAJI MANAN,,"Monday,Tuesday,Wednesday,Thursday,Friday,Sunday"
2023,5,MP KLUANG,TAMAN LIAN SENG,JALAN KELAPA,,"Wednesday,Sunday"
2023,5,MP KLUANG,TAMAN LIAN SENG,JALAN KELAPA,,"Monday,Tuesday,Wednesday,Thursday,Friday,Sunday"
2023,5,MP KLUANG,TAMAN LIAN SENG,JALAN KOKO,,"Wednesday,Sunday"
2023,5,MP KLUANG,TAMAN LIAN SENG,JALAN KOKO 1,,"Wednesday,Sunday"
2023,5,MP KLUANG,TAMAN LIAN SENG,JALAN KOKO 2,,"Wednesday,Sunday"
2023,5,MP KLUANG,TAMAN LIAN SENG,JALAN KOKO 3,,"Wednesday,Sunday"
2023,5,MP KLUANG,TAMAN LIAN SENG,JALAN KOKO 4,,"Wednesday,Sunday"
2023,5,MP KLUANG,TAMAN LIAN SENG,JALAN KOKO 5,,"Wednesday,Sunday"
2023,5,MP KLUANG,TAMAN LIAN SENG,JALAN KOKO 6,,"Wednesday,Sunday"
2023,5,MP KLUANG,TAMAN LIAN SENG,JALAN KOKO 7,,"Wednesday,Sunday"
2023,5,MP KLUANG,TAMAN LIAN SENG,JALAN LIMAU,,"Wednesday,Sunday"
2023,5,MP KLUANG,TAMAN LIAN SENG,JALAN PINANG,,"Wednesday,Sunday"
2023,5,MP KLUANG,TAMAN LIAN SENG,JALAN SUKUN,,"Wednesday,Sunday"
2023,5,MP KLUANG,TAMAN MAJU JAYA,JALAN DATO SYED ZAIN 1,,"Tuesday,Friday"
2023,5,MP KLUANG,TAMAN MAJU JAYA,JALAN DATO SYED ZAIN 2,,"Tuesday,Friday"
2023,5,MP KLUANG,TAMAN MAJU JAYA,JALAN DATO SYED ZAIN 3,,"Tuesday,Friday"
2023,5,MP KLUANG,TAMAN MELODI,JALAN MELODI,,"Wednesday,Sunday"
2023,5,MP KLUANG,TAMAN MELODI,JALAN MELODI 1,,"Wednesday,Sunday"
2023,5,MP KLUANG,TAMAN MELODI,JALAN MELODI 2,,"Wednesday,Sunday"
2023,5,MP KLUANG,TAMAN MELODI,JALAN MELODI 3,,"Wednesday,Sunday"
2023,5,MP KLUANG,TAMAN MELODI,JALAN MELODI 4,,"Wednesday,Sunday"
2023,5,MP KLUANG,TAMAN MELODI,JALAN MELODI 2/1,,"Wednesday,Sunday"
2023,5,MP KLUANG,TAMAN MELODI,JALAN MELODI 2/2,,"Wednesday,Sunday"
2023,5,MP KLUANG,TAMAN MUHIBBAH,JALAN HANG JEBAT,,"Monday,Thursday"
2023,5,MP KLUANG,TAMAN MUHIBBAH,JALAN HANG TUAH,,"Monday,Thursday"
2023,5,MP KLUANG,TAMAN MUHIBBAH,JALAN HANG TUAH 1,,"Monday,Thursday"
2023,5,MP KLUANG,TAMAN MUHIBBAH,JALAN HANG TUAH 1/1,,"Monday,Thursday"
2023,5,MP KLUANG,TAMAN MUHIBBAH,JALAN HANG TUAH 1/2,,"Monday,Thursday"
2023,5,MP KLUANG,TAMAN MUHIBBAH,JALAN HANG TUAH 1/3,,"Monday,Thursday"
2023,5,MP KLUANG,TAMAN MUHIBBAH,JALAN HANG TUAH 2,,"Monday,Thursday"
2023,5,MP KLUANG,TAMAN MUHIBBAH,JALAN HANG TUAH 2/1,,"Monday,Thursday"
2023,5,MP KLUANG,TAMAN MUHIBBAH,JALAN HANG TUAH 2/2,,"Monday,Thursday"
2023,5,MP KLUANG,TAMAN MUHIBBAH,JALAN HANG TUAH 2/3,,"Monday,Thursday"
2023,5,MP KLUANG,TAMAN MUHIBBAH,JALAN HANG TUAH 3,,"Monday,Thursday"
2023,5,MP KLUANG,TAMAN MUHIBBAH,JALAN HANG TUAH 4,,"Monday,Thursday"
2023,5,MP KLUANG,TAMAN MUHIBBAH,JALAN HANG TUAH 4,,"Monday,Tuesday,Wednesday,Thursday,Friday,Sunday"
2023,5,MP KLUANG,TAMAN MUHIBBAH,JALAN HANG TUAH 4/1,,"Monday,Tuesday,Wednesday,Thursday,Friday,Sunday"
2023,5,MP KLUANG,TAMAN MUHIBBAH,JALAN HANG TUAH 4/2,,"Monday,Tuesday,Wednesday,Thursday,Friday,Sunday"
2023,5,MP KLUANG,TAMAN MUHIBBAH,JALAN HANG TUAH 4/3,,"Monday,Tuesday,Wednesday,Thursday,Friday,Sunday"
2023,5,MP KLUANG,TAMAN MUHIBBAH,JALAN HANG TUAH 4/4,,"Monday,Thursday"
2023,5,MP KLUANG,TAMAN MUHIBBAH,JALAN HANG TUAH 4/5,,"Monday,Tuesday,Wednesday,Thursday,Friday,Sunday"
2023,5,MP KLUANG,TAMAN MUHIBBAH,JALAN HANG TUAH 4/6,,"Monday,Thursday"
2023,5,MP KLUANG,TAMAN MUHIBBAH,JALAN HANG TUAH 4/7,,"Monday,Thursday"
2023,5,MP KLUANG,TAMAN MUHIBBAH,JALAN HANG TUAH 5,,"Monday,Thursday"
2023,5,MP KLUANG,TAMAN MUHIBBAH,JALAN HANG TUAH 5/1,,"Monday,Thursday"
2023,5,MP KLUANG,TAMAN MUHIBBAH,JALAN HANG TUAH 5/2,,"Monday,Thursday"
2023,5,MP KLUANG,TAMAN MUHIBBAH,JALAN HANG TUAH 6,,"Monday,Thursday"
2023,5,MP KLUANG,TAMAN MUHIBBAH,JALAN HANG TUAH 6/1,,"Monday,Thursday"
2023,5,MP KLUANG,TAMAN MUHIBBAH,JALAN HANG TUAH 6/2,,"Monday,Thursday"
2023,5,MP KLUANG,TAMAN MUHIBBAH,JALAN HANG TUAH 7/1,,"Monday,Thursday"
2023,5,MP KLUANG,TAMAN MUHIBBAH,JALAN HANG TUAH 7/2,,"Monday,Thursday"
2023,5,MP KLUANG,TAMAN MUHIBBAH,JALAN HANG TUAH 7/3,,"Monday,Thursday"
2023,5,MP KLUANG,TAMAN MUHIBBAH,JALAN HANG TUAH 8,,"Monday,Thursday"
2023,5,MP KLUANG,TAMAN MUHIBBAH,JALAN HANG TUAH 8/1,,"Monday,Thursday"
2023,5,MP KLUANG,TAMAN MUHIBBAH,JALAN HANG TUAH 9,,"Monday,Thursday"
2023,5,MP KLUANG,TAMAN MUHIBBAH,JALAN HANG TUAH 9/1,,"Monday,Thursday"
2023,5,MP KLUANG,TAMAN MUHIBBAH,JALAN HANG TUAH 9/2,,"Monday,Thursday"
2023,5,MP KLUANG,TAMAN MUHIBBAH,JALAN HANG TUAH 9/3,,"Monday,Thursday"
2023,5,MP KLUANG,TAMAN MUHIBBAH,JALAN HANG TUAH 9/4,,"Monday,Thursday"
2023,5,MP KLUANG,TAMAN MUHIBBAH,JALAN HANG TUAH 9/5,,"Monday,Thursday"
2023,5,MP KLUANG,TAMAN MURNI 1,JALAN MURNI 1,,"Monday,Tuesday,Wednesday,Thursday,Friday,Sunday"
2023,5,MP KLUANG,TAMAN MURNI 1,JALAN MURNI 10,,"Monday,Thursday"
2023,5,MP KLUANG,TAMAN MURNI 1,JALAN MURNI 2,,"Monday,Thursday"
2023,5,MP KLUANG,TAMAN MURNI 1,JALAN MURNI 2,,"Monday,Tuesday,Wednesday,Thursday,Friday,Sunday"
2023,5,MP KLUANG,TAMAN MURNI 1,JALAN MURNI 3,,"Monday,Thursday"
2023,5,MP KLUANG,TAMAN MURNI 1,JALAN MURNI 4,,"Monday,Thursday"
2023,5,MP KLUANG,TAMAN MURNI 1,JALAN MURNI 5,,"Monday,Thursday"
2023,5,MP KLUANG,TAMAN MURNI 1,JALAN MURNI 6,,"Monday,Thursday"
2023,5,MP KLUANG,TAMAN MURNI 1,JALAN MURNI 7,,"Monday,Thursday"
2023,5,MP KLUANG,TAMAN MURNI 1,JALAN MURNI 8,,"Monday,Thursday"
2023,5,MP KLUANG,TAMAN MURNI 1,JALAN MURNI 9,,"Monday,Thursday"
2023,5,MP KLUANG,TAMAN MURNI 2,JALAN KUNDANG,,"Monday,Thursday"
2023,5,MP KLUANG,TAMAN MURNI 2,JALAN KUNDANG 1,,"Monday,Thursday"
2023,5,MP KLUANG,TAMAN MURNI 2,JALAN KUNDANG 10,,"Monday,Thursday"
2023,5,MP KLUANG,TAMAN MURNI 2,JALAN KUNDANG 11,,"Monday,Thursday"
2023,5,MP KLUANG,TAMAN MURNI 2,JALAN KUNDANG 12,,"Monday,Thursday"
2023,5,MP KLUANG,TAMAN MURNI 2,JALAN KUNDANG 13,,"Monday,Thursday"
2023,5,MP KLUANG,TAMAN MURNI 2,JALAN KUNDANG 2,,"Monday,Thursday"
2023,5,MP KLUANG,TAMAN MURNI 2,JALAN KUNDANG 3,,"Monday,Thursday"
2023,5,MP KLUANG,TAMAN MURNI 2,JALAN KUNDANG 4,,"Monday,Thursday"
2023,5,MP KLUANG,TAMAN MURNI 2,JALAN KUNDANG 5,,"Monday,Thursday"
2023,5,MP KLUANG,TAMAN MURNI 2,JALAN KUNDANG 6,,"Monday,Thursday"
2023,5,MP KLUANG,TAMAN MURNI 2,JALAN KUNDANG 7,,"Monday,Thursday"
2023,5,MP KLUANG,TAMAN MURNI 2,JALAN KUNDANG 8,,"Monday,Thursday"
2023,5,MP KLUANG,TAMAN MURNI 2,JALAN KUNDANG 9,,"Monday,Thursday"
2023,5,MP KLUANG,TAMAN MURNI 2,JALAN KUNDANG 16,,"Monday,Thursday"
2023,5,MP KLUANG,TAMAN MURNI 2,JALAN KUNDANG 14,,"Monday,Thursday"
2023,5,MP KLUANG,TAMAN MURNI 2,JALAN KUNDANG 15,,"Monday,Thursday"
2023,5,MP KLUANG,TAMAN MURNI 2,JALAN KUNDANG 17,,"Monday,Thursday"
2023,5,MP KLUANG,"TAMAN MURNI JAYA, MACHAP",JALAN UTAMA,,"Monday,Thursday"
2023,5,MP KLUANG,"TAMAN MURNI JAYA, MACHAP",JALAN MURNI JAYA 1,,"Monday,Thursday"
2023,5,MP KLUANG,"TAMAN MURNI JAYA, MACHAP",JALAN MURNI JAYA 2,,"Monday,Thursday"
2023,5,MP KLUANG,"TAMAN MURNI JAYA, MACHAP",JALAN MURNI JAYA 3,,"Monday,Thursday"
2023,5,MP KLUANG,"TAMAN MURNI JAYA, MACHAP",JALAN MURNI JAYA 4,,"Monday,Thursday"
2023,5,MP KLUANG,"TAMAN MURNI JAYA, MACHAP",JALAN MURNI JAYA 5,,"Monday,Thursday"
2023,5,MP KLUANG,"TAMAN MURNI JAYA, MACHAP",JALAN MURNI JAYA 6,,"Monday,Thursday"
2023,5,MP KLUANG,TAMAN NILAM,JALAN NILAM 1,,"Monday,Thursday"
2023,5,MP KLUANG,TAMAN NILAM,JALAN NILAM 3,,"Monday,Thursday"
2023,5,MP KLUANG,TAMAN NILAM,JALAN NILAM 4,,"Monday,Thursday"
2023,5,MP KLUANG,TAMAN NILAM,JALAN NILAM 5,,"Monday,Thursday"
2023,5,MP KLUANG,TAMAN NILAM,JALAN NILAM 6,,"Monday,Thursday"
2023,5,MP KLUANG,TAMAN NILAM,JALAN NILAM 7,,"Monday,Thursday"
2023,5,MP KLUANG,TAMAN NILAM,JALAN NILAM 2,,"Monday,Tuesday,Wednesday,Thursday,Friday,Sunday"
2023,5,MP KLUANG,TAMAN PALMA,JALAN PALMA 1,,"Monday,Thursday"
2023,5,MP KLUANG,TAMAN PALMA,JALAN PALMA 2,,"Monday,Thursday"
2023,5,MP KLUANG,TAMAN PALMA,JALAN PALMA 3,,"Monday,Thursday"
2023,5,MP KLUANG,TAMAN PALMA,JALAN PALMA 4,,"Monday,Thursday"
2023,5,MP KLUANG,TAMAN PALMA,JALAN PALMA 5,,"Monday,Thursday"
2023,5,MP KLUANG,TAMAN PELANGI,JALAN PELANGI,,"Wednesday,Sunday"
2023,5,MP KLUANG,TAMAN PELANGI,JALAN PELANGI 1,,"Wednesday,Sunday"
2023,5,MP KLUANG,TAMAN PELANGI,JALAN PELANGI 10,,"Wednesday,Sunday"
2023,5,MP KLUANG,TAMAN PELANGI,JALAN PELANGI 11,,"Wednesday,Sunday"
2023,5,MP KLUANG,TAMAN PELANGI,JALAN PELANGI 12,,"Wednesday,Sunday"
2023,5,MP KLUANG,TAMAN PELANGI,JALAN PELANGI 13,,"Wednesday,Sunday"
2023,5,MP KLUANG,TAMAN PELANGI,JALAN PELANGI 2,,"Wednesday,Sunday"
2023,5,MP KLUANG,TAMAN PELANGI,JALAN PELANGI 3,,"Wednesday,Sunday"
2023,5,MP KLUANG,TAMAN PELANGI,JALAN PELANGI 4,,"Wednesday,Sunday"
2023,5,MP KLUANG,TAMAN PELANGI,JALAN PELANGI 5,,"Wednesday,Sunday"
2023,5,MP KLUANG,TAMAN PELANGI,JALAN PELANGI 6,,"Wednesday,Sunday"
2023,5,MP KLUANG,TAMAN PELANGI,JALAN PELANGI 7,,"Wednesday,Sunday"
2023,5,MP KLUANG,TAMAN PELANGI,JALAN PELANGI 8,,"Wednesday,Sunday"
2023,5,MP KLUANG,TAMAN PELANGI,JALAN PELANGI 9,,"Wednesday,Sunday"
2023,5,MP KLUANG,TAMAN PELANGI,JALAN PELANGI 14,,"Wednesday,Sunday"
2023,5,MP KLUANG,TAMAN PELANGI,JALAN PELANGI 15,,"Wednesday,Sunday"
2023,5,MP KLUANG,TAMAN PELANGI,JALAN PELANGI 16,,"Wednesday,Sunday"
2023,5,MP KLUANG,TAMAN PELANGI,JALAN PELANGI 17,,"Wednesday,Sunday"
2023,5,MP KLUANG,TAMAN PELANGI,JALAN PELANGI 18,,"Wednesday,Sunday"
2023,5,MP KLUANG,TAMAN PELANGI,JALAN PELANGI 19,,"Wednesday,Sunday"
2023,5,MP KLUANG,TAMAN PELANGI,JALAN PELANGI 20,,"Wednesday,Sunday"
2023,5,MP KLUANG,TAMAN PELANGI,JALAN PELANGI 21,,"Wednesday,Sunday"
2023,5,MP KLUANG,TAMAN PELANGI,JALAN PELANGI 22,,"Wednesday,Sunday"
2023,5,MP KLUANG,TAMAN PELANGI,JALAN PELANGI 23,,"Wednesday,Sunday"
2023,5,MP KLUANG,TAMAN PELANGI,JALAN PELANGI 24,,"Wednesday,Sunday"
2023,5,MP KLUANG,TAMAN PELANGI INDAH,JALAN PELANGI INDAH 1,,"Monday,Thursday"
2023,5,MP KLUANG,TAMAN PELANGI INDAH,JALAN PELANGI INDAH 2,,"Monday,Thursday"
2023,5,MP KLUANG,TAMAN PELANGI INDAH,JALAN PELANGI INDAH 3,,"Monday,Thursday"
2023,5,MP KLUANG,TAMAN PELANGI INDAH,JALAN PELANGI INDAH 4,,"Monday,Thursday"
2023,5,MP KLUANG,TAMAN PELANGI JAYA,JALAN PELANGI JAYA 1,,"Monday,Thursday"
2023,5,MP KLUANG,TAMAN PELANGI JAYA,JALAN PELANGI JAYA 2,,"Monday,Tuesday,Wednesday,Thursday,Friday,Sunday"
2023,5,MP KLUANG,TAMAN PELANGI JAYA,JALAN PELANGI JAYA 3,,"Monday,Thursday"
2023,5,MP KLUANG,TAMAN PELANGI JAYA,JALAN PELANGI JAYA 4,,"Monday,Thursday"
2023,5,MP KLUANG,TAMAN PELANGI JAYA,JALAN PELANGI JAYA 5,,"Monday,Thursday"
2023,5,MP KLUANG,TAMAN PELANGI JAYA,JALAN PELANGI JAYA 6,,"Monday,Thursday"
2023,5,MP KLUANG,TAMAN PELANGI JAYA,JALAN PELANGI JAYA 7,,"Monday,Thursday"
2023,5,MP KLUANG,TAMAN PELANGI JAYA,JALAN PELANGI JAYA 8,,"Monday,Thursday"
2023,5,MP KLUANG,TAMAN PERMATA,JALAN PERMATA 1,,"Monday,Thursday"
2023,5,MP KLUANG,TAMAN PERMATA,JALAN PERMATA 10,,"Monday,Thursday"
2023,5,MP KLUANG,TAMAN PERMATA,JALAN PERMATA 11,,"Monday,Thursday"
2023,5,MP KLUANG,TAMAN PERMATA,JALAN PERMATA 11/5,,"Monday,Thursday"
2023,5,MP KLUANG,TAMAN PERMATA,JALAN PERMATA 12,,"Monday,Thursday"
2023,5,MP KLUANG,TAMAN PERMATA,JALAN PERMATA 2,,"Monday,Thursday"
2023,5,MP KLUANG,TAMAN PERMATA,JALAN PERMATA 3,,"Monday,Thursday"
2023,5,MP KLUANG,TAMAN PERMATA,JALAN PERMATA 4/2,,"Monday,Thursday"
2023,5,MP KLUANG,TAMAN PERMATA,JALAN PERMATA 5,,"Monday,Thursday"
2023,5,MP KLUANG,TAMAN PERMATA,JALAN PERMATA 6,,"Monday,Thursday"
2023,5,MP KLUANG,TAMAN PERMATA,JALAN PERMATA 6/2,,"Monday,Thursday"
2023,5,MP KLUANG,TAMAN PERMATA,JALAN PERMATA 6/4,,"Monday,Thursday"
2023,5,MP KLUANG,TAMAN PERMATA,JALAN PERMATA 7,,"Monday,Thursday"
2023,5,MP KLUANG,TAMAN PERMATA,JALAN PERMATA 8,,"Monday,Thursday"
2023,5,MP KLUANG,TAMAN PERMATA,JALAN PERMATA 8/2,,"Monday,Tuesday,Wednesday,Thursday,Friday,Sunday"
2023,5,MP KLUANG,TAMAN PERMATA,JALAN PERMATA 11/1,,"Monday,Thursday"
2023,5,MP KLUANG,TAMAN PERMATA,JALAN PERMATA 11/3,,"Monday,Thursday"
2023,5,MP KLUANG,TAMAN PERMATA 1,JALAN PERMATA,,"Monday,Thursday"
2023,5,MP KLUANG,TAMAN PERMATA 1,JALAN PERMATA 13/1,,"Monday,Thursday"
2023,5,MP KLUANG,TAMAN PERMATA 1,JALAN PERMATA 13/2,,"Monday,Thursday"
2023,5,MP KLUANG,TAMAN PERMATA 1,JALAN PERMATA 13/3,,"Monday,Thursday"
2023,5,MP KLUANG,TAMAN PERMATA 1,JALAN PERMATA 13/4,,"Monday,Thursday"
2023,5,MP KLUANG,TAMAN PERMATA 1,JALAN PERMATA 13/5,,"Monday,Thursday"
2023,5,MP KLUANG,TAMAN PERMATA 1,JALAN PERMATA 13/6,,"Monday,Thursday"
2023,5,MP KLUANG,TAMAN PERMATA 1,JALAN PERMATA 14/1,,"Monday,Thursday"
2023,5,MP KLUANG,TAMAN PERMATA 1,JALAN PERMATA 14/2,,"Monday,Thursday"
2023,5,MP KLUANG,TAMAN PERMATA 1,JALAN PERMATA 14/3,,"Monday,Thursday"
2023,5,MP KLUANG,TAMAN PERMATA 1,JALAN PERMATA 14/4,,"Monday,Thursday"
2023,5,MP KLUANG,TAMAN PERWIRA JAYA,JALAN PERWIRA JAYA 1,,"Monday,Thursday"
2023,5,MP KLUANG,TAMAN PERWIRA JAYA,JALAN PERWIRA JAYA 1,,"Monday,Tuesday,Wednesday,Thursday,Friday,Sunday"
2023,5,MP KLUANG,TAMAN PERWIRA JAYA,JALAN PERWIRA JAYA 2,,"Monday,Thursday"
2023,5,MP KLUANG,TAMAN PERWIRA JAYA,JALAN PERWIRA JAYA 3,,"Monday,Thursday"
2023,5,MP KLUANG,TAMAN PERWIRA JAYA,JALAN PERWIRA JAYA 4,,"Monday,Thursday"
2023,5,MP KLUANG,TAMAN PERWIRA JAYA,JALAN PERWIRA JAYA 5,,"Monday,Thursday"
2023,5,MP KLUANG,TAMAN PERWIRA JAYA,JALAN PERWIRA JAYA 6,,"Monday,Thursday"
2023,5,MP KLUANG,TAMAN PERWIRA JAYA,JALAN PERWIRA JAYA 7,,"Monday,Thursday"
2023,5,MP KLUANG,TAMAN PERWIRA JAYA,JALAN PERWIRA JAYA 8,,"Monday,Thursday"
2023,5,MP KLUANG,TAMAN REBANA,JALAN REBANA,,"Tuesday,Friday"
2023,5,MP KLUANG,TAMAN REBANA,JALAN REBANA 1,,"Tuesday,Friday"
2023,5,MP KLUANG,TAMAN REBANA,JALAN REBANA 2,,"Tuesday,Friday"
2023,5,MP KLUANG,TAMAN REBANA,JALAN REBANA 3,,"Tuesday,Friday"
2023,5,MP KLUANG,"TAMAN RIA, SRI LALANG",JALAN RIA 8,,"Tuesday,Friday"
2023,5,MP KLUANG,"TAMAN RIA, SRI LALANG",JALAN RIA,,"Monday,Tuesday,Wednesday,Thursday,Friday,Sunday"
2023,5,MP KLUANG,"TAMAN RIA, SRI LALANG",JALAN RIA 1,,"Tuesday,Friday"
2023,5,MP KLUANG,"TAMAN RIA, SRI LALANG",JALAN RIA 2,,"Monday,Tuesday,Wednesday,Thursday,Friday,Sunday"
2023,5,MP KLUANG,"TAMAN RIA, SRI LALANG",JALAN RIA 3,,"Tuesday,Friday"
2023,5,MP KLUANG,"TAMAN RIA, SRI LALANG",JALAN RIA 4,,"Tuesday,Friday"
2023,5,MP KLUANG,"TAMAN RIA, SRI LALANG",JALAN RIA 5,,"Tuesday,Friday"
2023,5,MP KLUANG,"TAMAN RIA, SRI LALANG",JALAN RIA 6,,"Tuesday,Friday"
2023,5,MP KLUANG,"TAMAN RIA, SRI LALANG",JALAN RIA 7,,"Tuesday,Friday"
2023,5,MP KLUANG,"TAMAN RIA, SRI LALANG",JALAN RIA 9,,"Tuesday,Friday"
2023,5,MP KLUANG,TAMAN SAUJANA,JALAN SAUJANA DESA 1,,"Wednesday,Sunday"
2023,5,MP KLUANG,TAMAN SAUJANA,JALAN SAUJANA DESA 2,,"Wednesday,Sunday"
2023,5,MP KLUANG,TAMAN SAUJANA,JALAN SAUJANA BESTARI 11,,"Wednesday,Sunday"
2023,5,MP KLUANG,TAMAN SAUJANA,JALAN SAUJANA BESTARI 10,,"Wednesday,Sunday"
2023,5,MP KLUANG,TAMAN SAUJANA,JALAN SAUJANA BESTARI 9,,"Wednesday,Sunday"
2023,5,MP KLUANG,TAMAN SAUJANA,JALAN SAUJANA BESTARI 8,,"Wednesday,Sunday"
2023,5,MP KLUANG,TAMAN SAUJANA,JALAN SAUJANA BESTARI 7,,"Wednesday,Sunday"
2023,5,MP KLUANG,TAMAN SAUJANA,JALAN SAUJANA BESTARI 6,,"Wednesday,Sunday"
2023,5,MP KLUANG,TAMAN SAUJANA,JALAN SAUJANA BESTARI 5,,"Wednesday,Sunday"
2023,5,MP KLUANG,TAMAN SAUJANA,JALAN SAUJANA BESTARI 4,,"Wednesday,Sunday"
2023,5,MP KLUANG,TAMAN SAUJANA,JALAN SAUJANA BESTARI 3,,"Wednesday,Sunday"
2023,5,MP KLUANG,TAMAN SAUJANA,JALAN SAUJANA BESTARI 2,,"Wednesday,Sunday"
2023,5,MP KLUANG,TAMAN SAUJANA,JALAN SAUJANA BESTARI 1,,"Wednesday,Sunday"
2023,5,MP KLUANG,TAMAN SAUJANA,JALAN SAUJANA GEMILANG 4,,"Wednesday,Sunday"
2023,5,MP KLUANG,TAMAN SAUJANA,JALAN SAUJANA GEMILANG 5,,"Wednesday,Sunday"
2023,5,MP KLUANG,TAMAN SAUJANA,JALAN SAUJANA GEMILANG 6,,"Wednesday,Sunday"
2023,5,MP KLUANG,TAMAN SAUJANA,JALAN SAUJANA GEMILANG 7,,"Wednesday,Sunday"
2023,5,MP KLUANG,TAMAN SAUJANA,JALAN SAUJANA GEMILANG 8,,"Wednesday,Sunday"
2023,5,MP KLUANG,TAMAN SAUJANA,JALAN SAUJANA GEMILANG 9,,"Wednesday,Sunday"
2023,5,MP KLUANG,TAMAN SAUJANA,JALAN SAUJANA IMPIAN 1,,"Wednesday,Sunday"
2023,5,MP KLUANG,TAMAN SAUJANA,JALAN SAUJANA IMPIAN 2,,"Wednesday,Sunday"
2023,5,MP KLUANG,TAMAN SAUJANA,JALAN SAUJANA DAMAI 1,,"Wednesday,Sunday"
2023,5,MP KLUANG,TAMAN SAUJANA,JALAN SAUJANA DAMAI 2,,"Wednesday,Sunday"
2023,5,MP KLUANG,TAMAN SAUJANA,JALAN SAUJANA GEMILANG 1,,"Wednesday,Sunday"
2023,5,MP KLUANG,TAMAN SAUJANA,JALAN SAUJANA GEMILANG 2,,"Wednesday,Sunday"
2023,5,MP KLUANG,TAMAN SAUJANA,JALAN SAUJANA GEMILANG 3,,"Wednesday,Sunday"
2023,5,MP KLUANG,TAMAN SAUJANA,JALAN SAUJANA GEMILANG 10,,"Wednesday,Sunday"
2023,5,MP KLUANG,TAMAN SAUJANA,JALAN SAUJANA UTAMA 1,,"Monday,Tuesday,Wednesday,Thursday,Friday,Sunday"
2023,5,MP KLUANG,TAMAN SERI SURIA,JALAN SERI SURIA 1,,"Monday,Thursday"
2023,5,MP KLUANG,TAMAN SERI SURIA,JALAN SERI SURIA 2,,"Monday,Thursday"
2023,5,MP KLUANG,TAMAN SERI SURIA,JALAN SERI SURIA 3,,"Monday,Thursday"
2023,5,MP KLUANG,TAMAN SERI SURIA,JALAN SERI SURIA 4,,"Monday,Thursday"
2023,5,MP KLUANG,TAMAN SERI SURIA,JALAN SERI SURIA 5,,"Monday,Thursday"
2023,5,MP KLUANG,TAMAN SERI SURIA,JALAN SERI SURIA 6,,"Monday,Thursday"
2023,5,MP KLUANG,TAMAN SRI KLUANG,JALAN 1/1,,"Wednesday,Sunday"
2023,5,MP KLUANG,TAMAN SRI KLUANG,JALAN 1/1A,,"Wednesday,Sunday"
2023,5,MP KLUANG,TAMAN SRI KLUANG,JALAN 1/10,,"Wednesday,Sunday"
2023,5,MP KLUANG,TAMAN SRI KLUANG,JALAN 1/11,,"Wednesday,Sunday"
2023,5,MP KLUANG,TAMAN SRI KLUANG,JALAN 1/12,,"Wednesday,Sunday"
2023,5,MP KLUANG,TAMAN SRI KLUANG,JALAN 1/13,,"Monday,Tuesday,Wednesday,Thursday,Friday,Sunday"
2023,5,MP KLUANG,TAMAN SRI KLUANG,JALAN 1/15,,"Wednesday,Sunday"
2023,5,MP KLUANG,TAMAN SRI KLUANG,JALAN 1/16,,"Wednesday,Sunday"
2023,5,MP KLUANG,TAMAN SRI KLUANG,JALAN 1/17,,"Wednesday,Sunday"
2023,5,MP KLUANG,TAMAN SRI KLUANG,JALAN 1/18,,"Wednesday,Sunday"
2023,5,MP KLUANG,TAMAN SRI KLUANG,JALAN 1/19,,"Wednesday,Sunday"
2023,5,MP KLUANG,TAMAN SRI KLUANG,JALAN 1/2,,"Wednesday,Sunday"
2023,5,MP KLUANG,TAMAN SRI KLUANG,JALAN 1/4,,"Wednesday,Sunday"
2023,5,MP KLUANG,TAMAN SRI KLUANG,JALAN 1/5,,"Wednesday,Sunday"
2023,5,MP KLUANG,TAMAN SRI KLUANG,JALAN 1/5A,,"Wednesday,Sunday"
2023,5,MP KLUANG,TAMAN SRI KLUANG,JALAN 1/5B,,"Wednesday,Sunday"
2023,5,MP KLUANG,TAMAN SRI KLUANG,JALAN 1/6,,"Wednesday,Sunday"
2023,5,MP KLUANG,TAMAN SRI KLUANG,JALAN 1/7,,"Wednesday,Sunday"
2023,5,MP KLUANG,TAMAN SRI KLUANG,JALAN 1/7,MASJID AL-IKRAM,"Monday,Tuesday,Wednesday,Thursday,Friday,Sunday"
2023,5,MP KLUANG,TAMAN SRI KLUANG,JALAN 1/8,,"Wednesday,Sunday"
2023,5,MP KLUANG,TAMAN SRI KLUANG,JALAN 1/9,,"Wednesday,Sunday"
2023,5,MP KLUANG,TAMAN SRI KLUANG,JALAN 10,,"Wednesday,Sunday"
2023,5,MP KLUANG,TAMAN SRI KLUANG,JALAN 14/1,,"Tuesday,Friday"
2023,5,MP KLUANG,TAMAN SRI KLUANG,JALAN 16,,"Tuesday,Friday"
2023,5,MP KLUANG,TAMAN SRI KLUANG,JALAN 16,SMK TAMAN SRI KLUANG,"Monday,Tuesday,Wednesday,Thursday,Friday,Sunday"
2023,5,MP KLUANG,TAMAN SRI KLUANG,JALAN 16/1,,"Tuesday,Friday"
2023,5,MP KLUANG,TAMAN SRI KLUANG,JALAN 2/11,,"Tuesday,Friday"
2023,5,MP KLUANG,TAMAN SRI KLUANG,JALAN 2/12,,"Tuesday,Friday"
2023,5,MP KLUANG,TAMAN SRI KLUANG,JALAN 2/13,,"Tuesday,Friday"
2023,5,MP KLUANG,TAMAN SRI KLUANG,JALAN 2/15,,"Tuesday,Friday"
2023,5,MP KLUANG,TAMAN SRI KLUANG,JALAN 2/16,,"Tuesday,Friday"
2023,5,MP KLUANG,TAMAN SRI KLUANG,JALAN 2/17,,"Tuesday,Friday"
2023,5,MP KLUANG,TAMAN SRI KLUANG,JALAN 2/18,,"Tuesday,Friday"
2023,5,MP KLUANG,TAMAN SRI KLUANG,JALAN 3,,"Monday,Thursday"
2023,5,MP KLUANG,TAMAN SRI KLUANG,JALAN 3,,"Monday,Tuesday,Wednesday,Thursday,Friday,Sunday"
2023,5,MP KLUANG,TAMAN SRI KLUANG,JALAN 3/1,,"Monday,Thursday"
2023,5,MP KLUANG,TAMAN SRI KLUANG,JALAN 3/10,,"Monday,Thursday"
2023,5,MP KLUANG,TAMAN SRI KLUANG,JALAN 3/11,,"Monday,Thursday"
2023,5,MP KLUANG,TAMAN SRI KLUANG,JALAN 3/12,,"Monday,Thursday"
2023,5,MP KLUANG,TAMAN SRI KLUANG,JALAN 3/15,,"Monday,Thursday"
2023,5,MP KLUANG,TAMAN SRI KLUANG,JALAN 3/16,,"Monday,Thursday"
2023,5,MP KLUANG,TAMAN SRI KLUANG,JALAN 3/17,,"Monday,Thursday"
2023,5,MP KLUANG,TAMAN SRI KLUANG,JALAN 3/18,,"Monday,Thursday"
2023,5,MP KLUANG,TAMAN SRI KLUANG,JALAN 3/19,,"Monday,Thursday"
2023,5,MP KLUANG,TAMAN SRI KLUANG,JALAN 3/2,,"Monday,Thursday"
2023,5,MP KLUANG,TAMAN SRI KLUANG,JALAN 3/20,,"Monday,Thursday"
2023,5,MP KLUANG,TAMAN SRI KLUANG,JALAN 3/21,,"Monday,Thursday"
2023,5,MP KLUANG,TAMAN SRI KLUANG,JALAN 3/22,,"Monday,Thursday"
2023,5,MP KLUANG,TAMAN SRI KLUANG,JALAN 3/22A,,"Monday,Thursday"
2023,5,MP KLUANG,TAMAN SRI KLUANG,JALAN 3/23,,"Monday,Thursday"
2023,5,MP KLUANG,TAMAN SRI KLUANG,JALAN 3/25,,"Monday,Thursday"
2023,5,MP KLUANG,TAMAN SRI KLUANG,JALAN 3/26,,"Monday,Thursday"
2023,5,MP KLUANG,TAMAN SRI KLUANG,JALAN 3/27,,"Monday,Thursday"
2023,5,MP KLUANG,TAMAN SRI KLUANG,JALAN 3/28,,"Monday,Thursday"
2023,5,MP KLUANG,TAMAN SRI KLUANG,JALAN 3/29,,"Monday,Thursday"
2023,5,MP KLUANG,TAMAN SRI KLUANG,JALAN 3/3,,"Monday,Thursday"
2023,5,MP KLUANG,TAMAN SRI KLUANG,JALAN 3/4,,"Monday,Thursday"
2023,5,MP KLUANG,TAMAN SRI KLUANG,JALAN 3/5,,"Monday,Thursday"
2023,5,MP KLUANG,TAMAN SRI KLUANG,JALAN 3/6,,"Monday,Thursday"
2023,5,MP KLUANG,TAMAN SRI KLUANG,JALAN 3/7,,"Monday,Thursday"
2023,5,MP KLUANG,TAMAN SRI KLUANG,JALAN 3/8,,"Monday,Thursday"
2023,5,MP KLUANG,TAMAN SRI KLUANG,JALAN 3/9,,"Monday,Thursday"
2023,5,MP KLUANG,TAMAN SRI KLUANG,JALAN 4/1,,"Tuesday,Friday"
2023,5,MP KLUANG,TAMAN SRI KLUANG,JALAN 4/2,,"Tuesday,Friday"
2023,5,MP KLUANG,TAMAN SRI KLUANG,JALAN 4/3,,"Tuesday,Friday"
2023,5,MP KLUANG,TAMAN SRI KLUANG,JALAN 5,,"Monday,Thursday"
2023,5,MP KLUANG,TAMAN SRI KLUANG,JALAN 5/1,,"Monday,Thursday"
2023,5,MP KLUANG,TAMAN SRI KLUANG,JALAN 5/10,,"Monday,Thursday"
2023,5,MP KLUANG,TAMAN SRI KLUANG,JALAN 5/11,,"Monday,Thursday"
2023,5,MP KLUANG,TAMAN SRI KLUANG,JALAN 5/12,,"Monday,Thursday"
2023,5,MP KLUANG,TAMAN SRI KLUANG,JALAN 5/2,,"Monday,Thursday"
2023,5,MP KLUANG,TAMAN SRI KLUANG,JALAN 5/3,,"Monday,Thursday"
2023,5,MP KLUANG,TAMAN SRI KLUANG,JALAN 5/4,,"Monday,Thursday"
2023,5,MP KLUANG,TAMAN SRI KLUANG,JALAN 5/5,,"Monday,Thursday"
2023,5,MP KLUANG,TAMAN SRI KLUANG,JALAN 5/6,,"Monday,Thursday"
2023,5,MP KLUANG,TAMAN SRI KLUANG,JALAN 5/7,,"Monday,Thursday"
2023,5,MP KLUANG,TAMAN SRI KLUANG,JALAN 5/8,,"Monday,Thursday"
2023,5,MP KLUANG,TAMAN SRI KLUANG,JALAN 5/9,,"Monday,Thursday"
2023,5,MP KLUANG,TAMAN SRI KLUANG,JALAN 6,,"Monday,Tuesday,Wednesday,Thursday,Friday,Sunday"
2023,5,MP KLUANG,TAMAN SRI KLUANG,JALAN 8,,"Monday,Tuesday,Wednesday,Thursday,Friday,Sunday"
2023,5,MP KLUANG,TAMAN SRI KLUANG,JALAN 4,,"Monday,Tuesday,Wednesday,Thursday,Friday,Sunday"
2023,5,MP KLUANG,TAMAN SRI KLUANG,JALAN 1,,"Monday,Tuesday,Wednesday,Thursday,Friday,Sunday"
2023,5,MP KLUANG,TAMAN SRI KLUANG,JALAN 1,,"Monday,Tuesday,Wednesday,Thursday,Friday,Sunday"
2023,5,MP KLUANG,TAMAN SRI KLUANG,JALAN 14/3,,"Tuesday,Friday"
2023,5,MP KLUANG,TAMAN SRI KLUANG,JALAN 14/4,,"Tuesday,Friday"
2023,5,MP KLUANG,TAMAN SRI KLUANG,JALAN 5/5A,,"Monday,Thursday"
2023,5,MP KLUANG,TAMAN SRI KLUANG,JALAN 2,,"Tuesday,Friday"
2023,5,MP KLUANG,TAMAN SRI KLUANG,JALAN 2,,"Monday,Tuesday,Wednesday,Thursday,Friday,Sunday"
2023,5,MP KLUANG,TAMAN SRI KLUANG,JALAN 14/2,,"Tuesday,Friday"
2023,5,MP KLUANG,TAMAN SRI KLUANG,JALAN 2/14,,"Tuesday,Friday"
2023,5,MP KLUANG,TAMAN SRI KLUANG,JALAN 16/2,,"Tuesday,Friday"
2023,5,MP KLUANG,TAMAN SRI KLUANG,JALAN 1A,,"Monday,Tuesday,Wednesday,Thursday,Friday,Sunday"
2023,5,MP KLUANG,TAMAN SRI KLUANG 2,JALAN 23,,"Tuesday,Friday"
2023,5,MP KLUANG,TAMAN SRI KLUANG 2,JALAN 25,,"Tuesday,Friday"
2023,5,MP KLUANG,TAMAN SRI KLUANG 2,JALAN 27,,"Tuesday,Friday"
2023,5,MP KLUANG,TAMAN SRI KLUANG 2,JALAN 29,,"Tuesday,Friday"
2023,5,MP KLUANG,TAMAN SRI KLUANG 2,JALAN 18A,,"Monday,Tuesday,Wednesday,Thursday,Friday,Sunday"
2023,5,MP KLUANG,TAMAN SRI MERNANTI,JALAN DATO SYED ZAIN,,"Tuesday,Friday"
2023,5,MP KLUANG,TAMAN SRI MERNANTI,JALAN INTAN,,"Tuesday,Friday"
2023,5,MP KLUANG,TAMAN SRI MERNANTI,JALAN INTAN 1,,"Tuesday,Friday"
2023,5,MP KLUANG,TAMAN SRI MERNANTI,JALAN MUTIARA,,"Tuesday,Friday"
2023,5,MP KLUANG,TAMAN SRI MERNANTI,JALAN NILAM,,"Tuesday,Friday"
2023,5,MP KLUANG,TAMAN SRI MERNANTI,JALAN ZAMRUD,,"Tuesday,Friday"
2023,5,MP KLUANG,TAMAN SRI MERNANTI,JALAN ZAMRUD 1,,"Tuesday,Friday"
2023,5,MP KLUANG,TAMAN SRI MERNANTI,JALAN ZAMRUD 2,,"Tuesday,Friday"
2023,5,MP KLUANG,TAMAN SRI MERNANTI,JALAN ZAMRUD 3,,"Tuesday,Friday"
2023,5,MP KLUANG,TAMAN SRI MERNANTI,JALAN ZAMRUD 4,,"Tuesday,Friday"
2023,5,MP KLUANG,TAMAN SRI MERNANTI,LORONG INTAN,,"Tuesday,Friday"
2023,5,MP KLUANG,TAMAN SRI MERNANTI,JALAN SUSUR HAJI ITHNIN MAAROF,,"Tuesday,Friday"
2023,5,MP KLUANG,TAMAN SRI SURIA,JALAN KEDONDONG,,"Monday,Thursday"
2023,5,MP KLUANG,TAMAN SRI SURIA,JALAN KEDONDONG 1,,"Monday,Tuesday,Wednesday,Thursday,Friday,Sunday"
2023,5,MP KLUANG,TAMAN SRI SURIA,JALAN KEDONDONG 1,,"Monday,Tuesday,Wednesday,Thursday,Friday,Sunday"
2023,5,MP KLUANG,TAMAN SRI SURIA,JALAN KEDONDONG 2,,"Monday,Thursday"
2023,5,MP KLUANG,TAMAN SRI SURIA,JALAN KEDONDONG 3,,"Monday,Thursday"
2023,5,MP KLUANG,TAMAN SRI SURIA,JALAN KEDONDONG 4,,"Monday,Thursday"
2023,5,MP KLUANG,TAMAN SRI SURIA,JALAN KEDONDONG 5,,"Monday,Thursday"
2023,5,MP KLUANG,TAMAN SRI SURIA,JALAN KEDONDONG 6,,"Monday,Thursday"
2023,5,MP KLUANG,TAMAN SUNRISE PARK,JALAN ABD KADIR ABDULLAH,,"Wednesday,Sunday"
2023,5,MP KLUANG,TAMAN SUNRISE PARK,JALAN ADIL,,"Wednesday,Sunday"
2023,5,MP KLUANG,TAMAN SUNRISE PARK,JALAN DAMAI,,"Wednesday,Sunday"
2023,5,MP KLUANG,TAMAN SUNRISE PARK,JALAN DATO ABD RAHMAN AHMAD,,"Wednesday,Sunday"
2023,5,MP KLUANG,TAMAN SUNRISE PARK,JALAN FAJAR,,"Wednesday,Sunday"
2023,5,MP KLUANG,TAMAN SUNRISE PARK,JALAN HANG TUAH,,"Wednesday,Sunday"
2023,5,MP KLUANG,TAMAN SUNRISE PARK,JALAN HULUBALANG,,"Wednesday,Sunday"
2023,5,MP KLUANG,TAMAN SUNRISE PARK,JALAN KERJASAMA,,"Wednesday,Sunday"
2023,5,MP KLUANG,TAMAN SUNRISE PARK,JALAN LAKSAMANA,,"Wednesday,Sunday"
2023,5,MP KLUANG,TAMAN SUNRISE PARK,JALAN MAKMUR,,"Wednesday,Sunday"
2023,5,MP KLUANG,TAMAN SUNRISE PARK,JALAN OTHMAN WAHID,,"Wednesday,Sunday"
2023,5,MP KLUANG,TAMAN SUNRISE PARK,JALAN PAHLAWAN,,"Wednesday,Sunday"
2023,5,MP KLUANG,TAMAN SUNRISE PARK,JALAN PANGLIMA,,"Wednesday,Sunday"
2023,5,MP KLUANG,TAMAN SUNRISE PARK,JALAN PERWIRA,,"Wednesday,Sunday"
2023,5,MP KLUANG,TAMAN SUNRISE PARK,JALAN PERWIRA,,"Monday,Tuesday,Wednesday,Thursday,Friday,Sunday"
2023,5,MP KLUANG,TAMAN SUNRISE PARK,JALAN RIA,,"Wednesday,Sunday"
2023,5,MP KLUANG,TAMAN SUNRISE PARK,JALAN SUKA,,"Wednesday,Sunday"
2023,5,MP KLUANG,TAMAN SUNRISE PARK,LORONG PANGLIMA 1,,"Wednesday,Sunday"
2023,5,MP KLUANG,TAMAN SUNRISE PARK,JALAN HULUBALANG 1,,"Wednesday,Sunday"
2023,5,MP KLUANG,TAMAN SURIA,JALAN BIDARA,,"Tuesday,Friday"
2023,5,MP KLUANG,TAMAN SURIA,JALAN BIDARA 1,,"Monday,Tuesday,Wednesday,Thursday,Friday,Sunday"
2023,5,MP KLUANG,TAMAN SURIA,JALAN BIDARA 10,,"Tuesday,Friday"
2023,5,MP KLUANG,TAMAN SURIA,JALAN BIDARA 11,,"Tuesday,Friday"
2023,5,MP KLUANG,TAMAN SURIA,JALAN BIDARA 12,,"Tuesday,Friday"
2023,5,MP KLUANG,TAMAN SURIA,JALAN BIDARA 13,,"Tuesday,Friday"
2023,5,MP KLUANG,TAMAN SURIA,JALAN BIDARA 14,,"Tuesday,Friday"
2023,5,MP KLUANG,TAMAN SURIA,JALAN BIDARA 15,,"Tuesday,Friday"
2023,5,MP KLUANG,TAMAN SURIA,JALAN BIDARA 16,,"Tuesday,Friday"
2023,5,MP KLUANG,TAMAN SURIA,JALAN BIDARA 2,,"Tuesday,Friday"
2023,5,MP KLUANG,TAMAN SURIA,JALAN BIDARA 3,,"Tuesday,Friday"
2023,5,MP KLUANG,TAMAN SURIA,JALAN BIDARA 4,,"Tuesday,Friday"
2023,5,MP KLUANG,TAMAN SURIA,JALAN BIDARA 5,,"Tuesday,Friday"
2023,5,MP KLUANG,TAMAN SURIA,JALAN BIDARA 6,,"Tuesday,Friday"
2023,5,MP KLUANG,TAMAN SURIA,JALAN BIDARA 7,,"Tuesday,Friday"
2023,5,MP KLUANG,TAMAN SURIA,JALAN BIDARA 8,,"Tuesday,Friday"
2023,5,MP KLUANG,TAMAN SURIA,JALAN BIDARA 9,,"Tuesday,Friday"
2023,5,MP KLUANG,TAMAN SURIA,JALAN CERMAI 1,,"Tuesday,Friday"
2023,5,MP KLUANG,TAMAN SURIA,JALAN CERMAI 1,,"Monday,Tuesday,Wednesday,Thursday,Friday,Sunday"
2023,5,MP KLUANG,TAMAN SURIA,JALAN CERMAI 10,,"Tuesday,Friday"
2023,5,MP KLUANG,TAMAN SURIA,JALAN CERMAI 11,,"Tuesday,Friday"
2023,5,MP KLUANG,TAMAN SURIA,JALAN CERMAI 12,,"Tuesday,Friday"
2023,5,MP KLUANG,TAMAN SURIA,JALAN CERMAI 13,,"Tuesday,Friday"
2023,5,MP KLUANG,TAMAN SURIA,JALAN CERMAI 14,,"Tuesday,Friday"
2023,5,MP KLUANG,TAMAN SURIA,JALAN CERMAI 15,,"Tuesday,Friday"
2023,5,MP KLUANG,TAMAN SURIA,JALAN CERMAI 16,,"Tuesday,Friday"
2023,5,MP KLUANG,TAMAN SURIA,JALAN CERMAI 17,,"Tuesday,Friday"
2023,5,MP KLUANG,TAMAN SURIA,JALAN CERMAI 18,,"Tuesday,Friday"
2023,5,MP KLUANG,TAMAN SURIA,JALAN CERMAI 19,,"Tuesday,Friday"
2023,5,MP KLUANG,TAMAN SURIA,JALAN CERMAI 2,,"Tuesday,Friday"
2023,5,MP KLUANG,TAMAN SURIA,JALAN CERMAI 3,,"Tuesday,Friday"
2023,5,MP KLUANG,TAMAN SURIA,JALAN CERMAI 4,,"Tuesday,Friday"
2023,5,MP KLUANG,TAMAN SURIA,JALAN CERMAI 4,BALAIRAYA / SURAU,"Monday,Tuesday,Wednesday,Thursday,Friday,Sunday"
2023,5,MP KLUANG,TAMAN SURIA,JALAN CERMAI 5,,"Tuesday,Friday"
2023,5,MP KLUANG,TAMAN SURIA,JALAN CERMAI 6,,"Tuesday,Friday"
2023,5,MP KLUANG,TAMAN SURIA,JALAN CERMAI 7,,"Tuesday,Friday"
2023,5,MP KLUANG,TAMAN SURIA,JALAN CERMAI 8,,"Tuesday,Friday"
2023,5,MP KLUANG,TAMAN SURIA,JALAN CERMAI 9,,"Tuesday,Friday"
2023,5,MP KLUANG,TAMAN SURIA,JALAN PALA,,"Tuesday,Friday"
2023,5,MP KLUANG,TAMAN SURIA,JALAN PALA 1,,"Monday,Tuesday,Wednesday,Thursday,Friday,Sunday"
2023,5,MP KLUANG,TAMAN SURIA,JALAN PALA 2,,"Tuesday,Friday"
2023,5,MP KLUANG,TAMAN SURIA,JALAN PALA 3,,"Tuesday,Friday"
2023,5,MP KLUANG,TAMAN SURIA,JALAN PALA 5,,"Tuesday,Friday"
2023,5,MP KLUANG,TAMAN SURIA,JALAN PALA 6,,"Tuesday,Friday"
2023,5,MP KLUANG,TAMAN SURIA,JALAN PALA 7,,"Tuesday,Friday"
2023,5,MP KLUANG,TAMAN SURIA,JALAN PALA 8,,"Tuesday,Friday"
2023,5,MP KLUANG,TAMAN SURIA INDAH,JALAN SURIA INDAH 1,,"Monday,Tuesday,Wednesday,Thursday,Friday,Sunday"
2023,5,MP KLUANG,TAMAN SURIA INDAH,JALAN SURIA INDAH 2,,"Tuesday,Friday"
2023,5,MP KLUANG,TAMAN SURIA INDAH,JALAN SURIA INDAH 3,,"Tuesday,Friday"
2023,5,MP KLUANG,TAMAN SURIAMAS,JALAN SURIAMAS 1,,"Tuesday,Friday"
2023,5,MP KLUANG,TAMAN SURIAMAS,JALAN SURIAMAS 2,,"Tuesday,Friday"
2023,5,MP KLUANG,TAMAN SUTERA INDAH,JALAN SUTERA INDAH,,"Monday,Thursday"
2023,5,MP KLUANG,TAMAN SUTERA INDAH,JALAN SUTERA INDAH 1,,"Monday,Thursday"
2023,5,MP KLUANG,TAMAN SUTERA INDAH,JALAN SUTERA INDAH 2,,"Monday,Thursday"
2023,5,MP KLUANG,TAMAN SUTERA INDAH,JALAN SUTERA INDAH 3,,"Monday,Thursday"
2023,5,MP KLUANG,TAMAN SUTERA INDAH,JALAN SUTERA INDAH 4,,"Monday,Thursday"
2023,5,MP KLUANG,TAMAN SUTERA INDAH,JALAN SUTERA INDAH 5,,"Monday,Thursday"
2023,5,MP KLUANG,TAMAN SUTERA INDAH,JALAN SUTERA INDAH 6,,"Monday,Thursday"
2023,5,MP KLUANG,TAMAN SUTERA INDAH,JALAN SUTERA INDAH 7,,"Monday,Thursday"
2023,5,MP KLUANG,TAMAN TASIK,JALAN IBRAHIM,SYARIKAT AIR JOHOR,"Monday,Tuesday,Wednesday,Thursday,Friday,Sunday"
2023,5,MP KLUANG,TAMAN TASIK,JALAN IBRAHIM,JABATAN PENGAIRAN DAN SALIRAN,"Monday,Tuesday,Wednesday,Thursday,Friday,Sunday"
2023,5,MP KLUANG,TAMAN TASIK,JALAN TASIK 3,,"Wednesday,Sunday"
2023,5,MP KLUANG,TAMAN TASIK,JALAN TASIK 4,,"Wednesday,Sunday"
2023,5,MP KLUANG,TAMAN TASIK,JALAN TASIK 5,,"Wednesday,Sunday"
2023,5,MP KLUANG,TAMAN TASIK,JALAN TASIK 6,,"Wednesday,Sunday"
2023,5,MP KLUANG,TAMAN TASIK,JALAN TASIK 7,,"Wednesday,Sunday"
2023,5,MP KLUANG,TAMAN TASIK,JALAN TASIK 8,,"Wednesday,Sunday"
2023,5,MP KLUANG,TAMAN TASIK,JALAN TASIK 9,,"Wednesday,Sunday"
2023,5,MP KLUANG,TAMAN TITIWANGSA,JALAN SATRIA 3,,"Tuesday,Friday"
2023,5,MP KLUANG,TAMAN TITIWANGSA,JALAN PERWIRA 1,,"Tuesday,Friday"
2023,5,MP KLUANG,TAMAN TITIWANGSA,JALAN PERWIRA 1/1,,"Tuesday,Friday"
2023,5,MP KLUANG,TAMAN TITIWANGSA,JALAN PERWIRA 1/2,,"Tuesday,Friday"
2023,5,MP KLUANG,TAMAN TITIWANGSA,JALAN PERWIRA 1/3,,"Tuesday,Friday"
2023,5,MP KLUANG,TAMAN TITIWANGSA,JALAN PERWIRA 1/4,,"Tuesday,Friday"
2023,5,MP KLUANG,TAMAN TITIWANGSA,JALAN PERWIRA 1/5,,"Tuesday,Friday"
